Province_State,Country_Region,Last_Update,Lat,Long_,Confirmed,Deaths,Recovered,Active,FIPS,Incident_Rate,People_Tested,People_Hospitalized,Mortality_Rate,UID,ISO3,Testing_Rate,Hospitalization_Rate,Cases_28_Days,Deaths_28_Days
Australian Capital Territory,Australia,2022-10-30 06:31:43,-35.4735,149.0124,208495,127,,,,48702.40597991124,,,0.0609127317201851,3601,AUS,,,2743,1
New South Wales,Australia,2022-10-30 06:31:43,-33.8688,151.2093,3549295,5430,,,,43721.29834934713,,,0.1529881286283614,3602,AUS,,,41415,116
Northern Territory,Australia,2022-10-30 06:31:43,-12.4634,130.8456,98498,75,,,,40105.04885993485,,,0.0761436780442242,3603,AUS,,,1015,2
Queensland,Australia,2022-10-30 06:31:43,-27.4698,153.0251,1664371,2274,,,,32535.842048675597,,,0.1366281916712079,3604,AUS,,,22982,35
South Australia,Australia,2022-10-30 06:31:43,-34.9285,138.6007,780106,1029,,,,44412.52490748648,,,0.1319051513512266,3605,AUS,,,11145,83
Tasmania,Australia,2022-10-30 06:31:43,-42.8821,147.3272,252630,193,,,,47176.470588235294,,,0.0763963108102759,3606,AUS,,,3009,6
Victoria,Australia,2022-10-30 06:31:43,-37.8136,144.9631,2648473,5836,,,,39947.404938234366,,,0.2203533885374704,3607,AUS,,,33660,158
Western Australia,Australia,2022-10-30 06:31:43,-31.9505,115.8605,1174785,696,,,,44658.442940773966,,,0.0592448831062705,3608,AUS,,,20053,38
Antwerp,Belgium,2022-10-30 06:31:43,51.2195,4.4024,743801,0,,,,39781.19835484268,,,0.0,5601,BEL,,,11333,0
Brussels,Belgium,2022-10-30 06:31:43,50.8503,4.3517,495302,0,,,,40656.67696828661,,,0.0,5602,BEL,,,5046,0
East Flanders,Belgium,2022-10-30 06:31:43,51.0362,3.7373,624537,0,,,,40946.39912670341,,,0.0,5603,BEL,,,9394,0
Flemish Brabant,Belgium,2022-10-30 06:31:43,50.9167,4.5833,451003,0,,,,39019.399693557,,,0.0,5604,BEL,,,6680,0
Hainaut,Belgium,2022-10-30 06:31:43,50.5257,4.0621,506647,0,,,,37617.4601288943,,,0.0,5605,BEL,,,7545,0
Liege,Belgium,2022-10-30 06:31:43,50.4496,5.8492,411290,0,,,,37059.83060010813,,,0.0,5606,BEL,,,5498,0
Limburg,Belgium,2022-10-30 06:31:43,50.9739,5.342,341174,0,,,,38885.988807458656,,,0.0,5607,BEL,,,6056,0
Luxembourg,Belgium,2022-10-30 06:31:43,50.0547,5.4677,120557,0,,,,42042.252538779154,,,0.0,5608,BEL,,,2341,0
Namur,Belgium,2022-10-30 06:31:43,50.331,4.8221,198563,0,,,,40046.42701560206,,,0.0,5609,BEL,,,3508,0
Unknown,Belgium,2022-10-30 06:31:43,,,61932,32902,,,,,,,53.12600917134922,5610,BEL,,,677,229
Walloon Brabant,Belgium,2022-10-30 06:31:43,50.4,4.35,169642,0,,,,41781.78853698965,,,0.0,5611,BEL,,,2695,0
West Flanders,Belgium,2022-10-30 06:31:43,51.0536,3.1458,487791,0,,,,40617.26390467507,,,0.0,5612,BEL,,,6961,0
Acre,Brazil,2022-10-30 06:31:43,-9.0238,-70.812,149756,2029,,,,16980.3897112599,,,1.3548705894922408,7601,BRA,,,33,0
Alagoas,Brazil,2022-10-30 06:31:43,-9.5713,-36.782,321498,7128,,,,9633.311629531992,,,2.217121101842002,7602,BRA,,,395,4
Amapa,Brazil,2022-10-30 06:31:43,0.902,-52.003,178377,2164,,,,21091.45815868166,,,1.2131608895765709,7603,BRA,,,101,1
Amazonas,Brazil,2022-10-30 06:31:43,-3.4168,-65.8561,618372,14356,,,,14919.954823110667,,,2.3215798904219467,7604,BRA,,,2065,29
Bahia,Brazil,2022-10-30 06:31:43,-12.5797,-41.7007,1703178,30785,,,,11451.426552054105,,,1.8075033848487945,7605,BRA,,,5485,82
Ceara,Brazil,2022-10-30 06:31:43,-5.4984,-39.3206,1386262,27904,,,,15180.13753277184,,,2.0128951092939142,7606,BRA,,,1668,226
Distrito Federal,Brazil,2022-10-30 06:31:43,-15.7998,-47.8645,842639,11831,,,,27945.74147306309,,,1.404041351041193,7607,BRA,,,3529,0
Espirito Santo,Brazil,2022-10-30 06:31:43,-19.1834,-40.3089,1217030,14827,,,,30284.548293581174,,,1.218293715027567,7608,BRA,,,1581,10
Goias,Brazil,2022-10-30 06:31:43,-15.827,-49.8362,1723116,27578,,,,24551.56864415788,,,1.6004726321385212,7609,BRA,,,18391,52
Maranhao,Brazil,2022-10-30 06:31:43,-4.9609,-45.2744,474667,10995,,,,6708.902570831757,,,2.316360732892744,7610,BRA,,,2562,2
Mato Grosso,Brazil,2022-10-30 06:31:43,-12.6819,-56.9211,832189,14955,,,,23882.82738301938,,,1.7970677334115206,7611,BRA,,,1592,8
Mato Grosso do Sul,Brazil,2022-10-30 06:31:43,-20.7722,-54.7852,582160,10843,,,,20948.64817598937,,,1.862546379002336,7612,BRA,,,1170,8
Minas Gerais,Brazil,2022-10-30 06:31:43,-18.5122,-44.555,3883357,63876,,,,18344.72738665141,,,1.6448655119784248,7613,BRA,,,2824,96
Para,Brazil,2022-10-30 06:31:43,-1.9981,-54.9306,844630,18883,,,,9818.00830304788,,,2.23565348140606,7614,BRA,,,4543,31
Paraiba,Brazil,2022-10-30 06:31:43,-7.24,-36.782,654227,10406,,,,16281.88954704518,,,1.5905794166245049,7615,BRA,,,1161,3
Parana,Brazil,2022-10-30 06:31:43,-25.2521,-52.0215,2752889,45427,,,,24076.433031889133,,,1.6501573437941015,7616,BRA,,,4596,81
Pernambuco,Brazil,2022-10-30 06:31:43,-8.8137,-36.9541,1063628,22399,,,,11129.22568012731,,,2.1059054481454043,7617,BRA,,,4850,100
Piaui,Brazil,2022-10-30 06:31:43,-7.7183,-42.7289,404480,7959,,,,12357.224231622187,,,1.9677116297468356,7618,BRA,,,2659,5
Rio Grande do Norte,Brazil,2022-10-30 06:31:43,-5.4026,-36.9541,557454,8482,,,,15896.132515392006,,,1.5215605233795075,7620,BRA,,,629,13
Rio Grande do Sul,Brazil,2022-10-30 06:31:43,-30.0346,-51.2177,2745859,41190,,,,24134.669228623923,,,1.50007702507667,7621,BRA,,,11162,103
Rio de Janeiro,Brazil,2022-10-30 06:31:43,-22.9068,-43.1729,2534326,75850,,,,14679.029059059158,,,2.9929062007018827,7619,BRA,,,18260,155
Rondonia,Brazil,2022-10-30 06:31:43,-11.5057,-63.5806,457626,7361,,,,25749.46897550957,,,1.608518746749529,7622,BRA,,,889,3
Roraima,Brazil,2022-10-30 06:31:43,-2.7376,-62.0751,175437,2175,,,,28961.422079004755,,,1.2397612818276649,7623,BRA,,,380,2
Santa Catarina,Brazil,2022-10-30 06:31:43,-27.2423,-50.2189,1883899,22409,,,,26293.85544973557,,,1.189501135676594,7624,BRA,,,7484,6
Sao Paulo,Brazil,2022-10-30 06:31:43,-23.5505,-46.6333,6140622,175504,,,,13372.711616915238,,,2.858081803439456,7625,BRA,,,44510,900
Sergipe,Brazil,2022-10-30 06:31:43,-10.5741,-37.3857,342912,6441,,,,14917.675064471336,,,1.8783244680851063,7626,BRA,,,23,5
Tocantins,Brazil,2022-10-30 06:31:43,-10.1753,-48.2982,344668,4205,,,,21913.373421512068,,,1.220014622767417,7627,BRA,,,192,1
Alberta,Canada,2022-10-30 06:31:43,53.9333,-116.5765,612693,5011,,,,13790.449841195315,,,0.8178647381314949,12401,CAN,,,5404,106
British Columbia,Canada,2022-10-30 06:31:43,53.7267,-127.6476,387451,4485,,,,7429.82719392192,,,1.1575657308924223,12402,CAN,,,2551,202
Diamond Princess,Canada,2022-10-30 06:31:43,,,0,1,,,,,,,,12413,CAN,,,0,0
Grand Princess,Canada,2022-10-30 06:31:43,,,13,0,,,,,,,0.0,12414,CAN,,,0,0
Manitoba,Canada,2022-10-30 06:31:43,53.7609,-98.8139,151319,2211,,,,10935.310547672474,,,1.461151606870254,12403,CAN,,,1411,51
New Brunswick,Canada,2022-10-30 06:31:43,46.5653,-66.4619,80126,585,,,,10152.49136811429,,,0.7301000923545417,12404,CAN,,,3224,105
Newfoundland and Labrador,Canada,2022-10-30 06:31:43,53.1355,-57.6604,52552,254,,,,10095.41775765388,,,0.4833307961637996,12405,CAN,,,972,18
Northwest Territories,Canada,2022-10-30 06:31:43,64.8255,-124.8457,11511,22,,,,25296.677215189877,,,0.1911215359221614,12406,CAN,,,0,0
Nova Scotia,Canada,2022-10-30 06:31:43,44.682,-63.7443,129705,583,,,,13074.375916657847,,,0.4494815157472726,12407,CAN,,,5194,52
Nunavut,Canada,2022-10-30 06:31:43,70.2998,-83.1076,3531,7,,,,8961.246605588407,,,0.1982441234777683,12416,CAN,,,0,0
Ontario,Canada,2022-10-30 06:31:43,51.2538,-85.3232,1506871,14770,,,,10163.516448769738,,,0.9801768034556376,12408,CAN,,,38529,355
Prince Edward Island,Canada,2022-10-30 06:31:43,46.5107,-63.4168,53408,66,,,,32502.829878649936,,,0.1235769922109047,12409,CAN,,,1998,7
Quebec,Canada,2022-10-30 06:31:43,52.9399,-73.5491,1226692,17038,,,,14256.40900482829,,,1.3889387067006225,12410,CAN,,,25093,245
Repatriated Travellers,Canada,2022-10-30 06:31:43,,,13,0,,,,,,,0.0,,,,,0,0
Saskatchewan,Canada,2022-10-30 06:31:43,52.9399,-106.4509,146888,1604,,,,12449.78149653683,,,1.09198845378792,12411,CAN,,,3141,97
Yukon,Canada,2022-10-30 06:31:43,64.2823,-135.0,4954,32,,,,11524.68245475271,,,0.6459426725878078,12412,CAN,,,49,1
Antofagasta,Chile,2022-10-30 06:31:43,-23.6509,-70.3975,168125,1898,,,,27673.348322892216,,,1.1289219330855018,15201,CHL,,,2464,13
Araucania,Chile,2022-10-30 06:31:43,-38.9489,-72.3311,273905,2756,,,,28614.51447101201,,,1.0061882769573391,15202,CHL,,,7935,26
Arica y Parinacota,Chile,2022-10-30 06:31:43,-18.594,-69.4785,73195,864,,,,32377.42626112497,,,1.1804084978482137,15203,CHL,,,736,2
Atacama,Chile,2022-10-30 06:31:43,-27.5661,-70.0503,103602,684,,,,35855.39066393488,,,0.6602189146927665,15204,CHL,,,2120,5
Aysen,Chile,2022-10-30 06:31:43,-45.9864,-73.7669,32481,202,,,,31486.65154423312,,,0.6219020350358672,15205,CHL,,,821,2
Biobio,Chile,2022-10-30 06:31:43,-37.4464,-72.1416,469551,4598,,,,30161.195525451163,,,0.9792333527135496,15206,CHL,,,15603,45
Coquimbo,Chile,2022-10-30 06:31:43,-29.959,-71.3389,190748,1854,,,,25178.395588091647,,,0.9719630087864616,15207,CHL,,,3590,18
Los Lagos,Chile,2022-10-30 06:31:43,-41.9198,-72.1416,228712,2453,,,,27598.62339931556,,,1.072527895344363,15208,CHL,,,2888,20
Los Rios,Chile,2022-10-30 06:31:43,-40.231,-72.3311,134791,1333,,,,35025.478319392365,,,0.9889384306073848,15209,CHL,,,3412,16
Magallanes,Chile,2022-10-30 06:31:43,-52.368,-70.9863,63220,750,,,,37962.44588159704,,,1.1863334387851945,15210,CHL,,,1035,2
Maule,Chile,2022-10-30 06:31:43,-35.5183,-71.6885,319883,3164,,,,30612.278099430598,,,0.9891116439448172,15211,CHL,,,9417,31
Metropolitana,Chile,2022-10-30 06:31:43,-33.4376,-70.6505,1804134,29876,,,,25364.581751679507,,,1.6559745562136736,15212,CHL,,,50035,205
Nuble,Chile,2022-10-30 06:31:43,-36.7226,-71.7622,140015,1214,,,,29132.82938937889,,,0.8670499589329714,15213,CHL,,,5557,13
OHiggins,Chile,2022-10-30 06:31:43,-34.5755,-71.0022,202644,2708,,,,22157.66137629776,,,1.3363336688971792,15214,CHL,,,4661,21
Tarapaca,Chile,2022-10-30 06:31:43,-19.9232,-69.5132,103858,1147,,,,31418.994548611743,,,1.1043925359625644,15215,CHL,,,1070,6
Unknown,Chile,2022-10-30 06:31:43,,,42,2,,,,,,,4.761904761904762,15217,CHL,,,0,0
Valparaiso,Chile,2022-10-30 06:31:43,-33.0472,-71.6127,441869,6149,,,,24333.306533061805,,,1.3915889098352678,15216,CHL,,,11508,49
Anhui,China,2022-10-30 06:31:43,31.8257,117.2264,1537,6,,,,2.5185503027823457,,,0.3903708523096942,15601,CHN,,,31,0
Beijing,China,2022-10-30 06:31:43,40.1824,116.4142,4688,9,,,,21.41314418998319,,,0.1919795221843003,15602,CHN,,,454,0
Chongqing,China,2022-10-30 06:31:43,30.0572,107.874,1319,6,,,,4.114910642328816,,,0.4548900682335102,15603,CHN,,,276,0
Fujian,China,2022-10-30 06:31:43,26.0789,117.9874,4853,1,,,,11.6826912683811,,,0.0206058108386565,15604,CHN,,,466,0
Gansu,China,2022-10-30 06:31:43,35.7518,104.2861,1355,2,,,,5.41570404692182,,,0.1476014760147601,15605,CHN,,,5,0
Guangdong,China,2022-10-30 06:31:43,23.3417,113.4244,11488,8,,,,9.116555173768065,,,0.0696378830083565,15606,CHN,,,1387,0
Guangxi,China,2022-10-30 06:31:43,23.8298,108.7881,2348,2,,,,4.6841206951873495,,,0.0851788756388415,15607,CHN,,,19,0
Guizhou,China,2022-10-30 06:31:43,26.8154,106.8748,948,2,,,,2.458369279636601,,,0.2109704641350211,15608,CHN,,,24,0
Hainan,China,2022-10-30 06:31:43,19.1959,109.7453,8979,6,,,,89.0664950474307,,,0.0668225860340795,15609,CHN,,,24,0
Hebei,China,2022-10-30 06:31:43,37.8957,114.9042,2034,7,,,,2.726167529160041,,,0.344149459193707,15610,CHN,,,5,0
Heilongjiang,China,2022-10-30 06:31:43,47.862,127.7615,3485,13,,,,10.941884995733764,,,0.3730272596843615,15611,CHN,,,96,0
Henan,China,2022-10-30 06:31:43,33.882,113.614,3510,22,,,,3.5324124860657147,,,0.6267806267806267,15612,CHN,,,180,0
Hong Kong,China,2022-10-30 06:31:43,22.3,114.2,1908732,10373,,,,25459.98472986752,,,0.5434497876076892,344,HKG,,,139421,206
Hubei,China,2022-10-30 06:31:43,30.9756,112.2707,68439,4512,,,,118.50384390772516,,,6.592732214088459,15613,CHN,,,9,0
Hunan,China,2022-10-30 06:31:43,27.6104,111.7088,1665,4,,,,2.5058370199990176,,,0.2402402402402402,15614,CHN,,,207,0
Inner Mongolia,China,2022-10-30 06:31:43,44.0935,113.9448,4484,1,,,,18.64514574420598,,,0.0223015165031222,15615,CHN,,,1667,0
Jiangsu,China,2022-10-30 06:31:43,32.9711,119.455,2665,0,,,,3.1446163884237714,,,0.0,15616,CHN,,,251,0
Jiangxi,China,2022-10-30 06:31:43,27.614,115.7221,1495,1,,,,3.3083539699749727,,,0.0668896321070234,15617,CHN,,,0,0
Jilin,China,2022-10-30 06:31:43,43.6661,126.1923,40329,5,,,,167.52478342014334,,,0.0123980262342235,15618,CHN,,,0,0
Liaoning,China,2022-10-30 06:31:43,41.2956,122.6085,2021,2,,,,4.745088604375057,,,0.098960910440376,15619,CHN,,,126,0
Macau,China,2022-10-30 06:31:43,22.1667,113.55,793,6,,,,122.12362668670748,,,0.7566204287515763,446,MAC,,,0,0
Ningxia,China,2022-10-30 06:31:43,37.2692,106.1655,215,0,,,,2.9850108029623525,,,0.0,15620,CHN,,,63,0
Qinghai,China,2022-10-30 06:31:43,35.7452,95.9956,255,0,,,,4.304555215373778,,,0.0,15621,CHN,,,16,0
Shaanxi,China,2022-10-30 06:31:43,35.1917,108.8701,4062,3,,,,10.276000158769516,,,0.0738552437223042,15622,CHN,,,313,0
Shandong,China,2022-10-30 06:31:43,36.3427,118.1498,3175,7,,,,3.1272329859392807,,,0.2204724409448819,15623,CHN,,,64,0
Shanghai,China,2022-10-30 06:31:43,31.202,121.4491,64281,595,,,,258.4587325868249,,,0.9256234346074268,15624,CHN,,,100,0
Shanxi,China,2022-10-30 06:31:43,37.5777,112.2922,1268,0,,,,3.631612857696682,,,0.0,15625,CHN,,,777,0
Sichuan,China,2022-10-30 06:31:43,30.6171,102.7103,6241,3,,,,7.458631603903615,,,0.0480692196763339,15626,CHN,,,560,0
Tianjin,China,2022-10-30 06:31:43,39.3054,117.323,2479,3,,,,17.8782517738161,,,0.1210165389269866,15627,CHN,,,101,0
Tibet,China,2022-10-30 06:31:43,31.6927,88.0924,1461,0,,,,40.04824429154903,,,0.0,15628,CHN,,,71,0
Unknown,China,2022-10-30 06:31:43,,,768825,0,,,,,,,0.0,15699,CHN,,,27580,0
Xinjiang,China,2022-10-30 06:31:43,41.1129,85.2401,1731,3,,,,6.695717545158863,,,0.1733102253032929,15629,CHN,,,561,0
Yunnan,China,2022-10-30 06:31:43,24.974,101.487,2659,2,,,,5.632367553521314,,,0.0752162467092892,15630,CHN,,,242,0
Zhejiang,China,2022-10-30 06:31:43,29.1832,120.0934,3570,1,,,,5.529089920472172,,,0.0280112044817927,15631,CHN,,,143,0
Amazonas,Colombia,2022-10-30 06:31:43,-1.4429,-71.5724,7817,265,,,,10206.426510334382,,,3.390047332736344,17001,COL,,,5,0
Antioquia,Colombia,2022-10-30 06:31:43,7.1986,-75.3412,943764,18507,,,,14729.966839922325,,,1.9609775325187229,17002,COL,,,415,2
Arauca,Colombia,2022-10-30 06:31:43,7.0762,-70.7105,16995,558,,,,6482.336158429135,,,3.2833186231244484,17003,COL,,,14,3
Atlantico,Colombia,2022-10-30 06:31:43,10.6966,-74.8741,416018,10204,,,,16407.620221043675,,,2.452778485546298,17004,COL,,,174,0
Bolivar,Colombia,2022-10-30 06:31:43,8.6704,-74.03,202868,3266,,,,9799.8657076194,,,1.609913835597531,17005,COL,,,38,1
Boyaca,Colombia,2022-10-30 06:31:43,5.4545,-73.362,129312,2869,,,,10622.190678968536,,,2.218664934422173,17006,COL,,,26,3
Caldas,Colombia,2022-10-30 06:31:43,5.2983,-75.2479,119330,2563,,,,11953.859484800978,,,2.1478253582502305,17007,COL,,,17,0
Capital District,Colombia,2022-10-30 06:31:43,4.711,-74.0721,1854344,29839,,,,25016.22245252184,,,1.6091404831034586,17008,COL,,,1384,13
Caqueta,Colombia,2022-10-30 06:31:43,0.8699,-73.8419,25591,1040,,,,6374.022700497399,,,4.063928724942363,17009,COL,,,4,0
Casanare,Colombia,2022-10-30 06:31:43,5.7589,-71.5724,42860,1025,,,,10192.53086772064,,,2.391507232851143,17010,COL,,,35,0
Cauca,Colombia,2022-10-30 06:31:43,2.705,-76.826,76171,1845,,,,5201.20342399528,,,2.4221816701894423,17011,COL,,,30,1
Cesar,Colombia,2022-10-30 06:31:43,9.3373,-73.6536,108912,2684,,,,9071.66072228784,,,2.464374908182753,17012,COL,,,90,2
Choco,Colombia,2022-10-30 06:31:43,5.2528,-76.826,18832,429,,,,3521.145194885813,,,2.27803738317757,17013,COL,,,3,0
Cordoba,Colombia,2022-10-30 06:31:43,8.0493,-75.574,122008,3951,,,,6836.01311756107,,,3.2383122418202084,17014,COL,,,69,0
Cundinamarca,Colombia,2022-10-30 06:31:43,5.026,-74.03,327777,7363,,,,11228.854494255,,,2.2463443133593874,17015,COL,,,89,5
Guainia,Colombia,2022-10-30 06:31:43,2.5854,-68.5247,2792,37,,,,5802.884815230495,,,1.325214899713467,17016,COL,,,0,0
Guaviare,Colombia,2022-10-30 06:31:43,1.0654,-73.2603,5658,105,,,,6836.057849142774,,,1.855779427359491,17017,COL,,,3,0
Huila,Colombia,2022-10-30 06:31:43,2.5359,-75.5277,103017,3582,,,,9361.896643541448,,,3.4770960132793616,17018,COL,,,9,2
La Guajira,Colombia,2022-10-30 06:31:43,11.3548,-72.5205,57906,1543,,,,6576.042518397384,,,2.664663420025559,17019,COL,,,24,0
Magdalena,Colombia,2022-10-30 06:31:43,10.4113,-74.4057,117440,3644,,,,8752.77437011178,,,3.102861035422343,17020,COL,,,43,1
Meta,Colombia,2022-10-30 06:31:43,3.272,-73.0877,107410,2596,,,,10330.646076547384,,,2.4169071781025977,17021,COL,,,24,3
Narino,Colombia,2022-10-30 06:31:43,1.2892,-77.3579,107686,3385,,,,6604.104521548003,,,3.143398399049087,17022,COL,,,26,0
Norte de Santander,Colombia,2022-10-30 06:31:43,7.9463,-72.8988,124378,5176,,,,8338.065106064334,,,4.161507662126743,17023,COL,,,49,1
Putumayo,Colombia,2022-10-30 06:31:43,0.436,-75.5277,21778,788,,,,6254.774801684177,,,3.618330425199743,17024,COL,,,16,0
Quindio,Colombia,2022-10-30 06:31:43,4.461,-75.6674,72708,2076,,,,13466.838549075392,,,2.8552566430103976,17025,COL,,,18,0
Risaralda,Colombia,2022-10-30 06:31:43,5.3158,-75.9928,109484,2497,,,,11605.245277458896,,,2.280698549559753,17026,COL,,,26,0
San Andres y Providencia,Colombia,2022-10-30 06:31:43,12.5567,-81.7185,10334,156,,,,16863.577023498696,,,1.509580027095026,17027,COL,,,1,0
Santander,Colombia,2022-10-30 06:31:43,6.6437,-73.6536,293395,8303,,,,13428.690561355375,,,2.82997324426115,17028,COL,,,70,0
Sucre,Colombia,2022-10-30 06:31:43,8.814,-74.7233,66917,1741,,,,7395.263150333255,,,2.601730501965121,17029,COL,,,5,1
Tolima,Colombia,2022-10-30 06:31:43,4.0925,-75.1545,126894,4077,,,,9539.560979020243,,,3.2129178684571373,17030,COL,,,38,1
Unknown,Colombia,2022-10-30 06:31:43,,,0,300,,,,,,,,17034,COL,,,-820,0
Valle del Cauca,Colombia,2022-10-30 06:31:43,3.8009,-76.6413,563900,15337,,,,12598.622931861984,,,2.7198084766802624,17031,COL,,,410,4
Vaupes,Colombia,2022-10-30 06:31:43,0.8554,-70.812,1952,22,,,,4784.66553913278,,,1.1270491803278688,17032,COL,,,2,0
Vichada,Colombia,2022-10-30 06:31:43,4.4234,-69.2878,3468,64,,,,3216.8299198575246,,,1.845444059976932,17033,COL,,,7,0
Faroe Islands,Denmark,2022-10-30 06:31:43,61.8926,-6.9118,34658,28,,,,70926.02066919062,,,0.0807894281262623,234,FRO,,,0,0
Greenland,Denmark,2022-10-30 06:31:43,71.7069,-42.6043,11971,21,,,,21086.09878108927,,,0.1754239411912121,304,GRL,,,0,0
French Guiana,France,2022-10-30 06:31:43,4.0,-53.0,94196,411,,,,31537.22018735645,,,0.4363242600535054,254,GUF,,,222,1
French Polynesia,France,2022-10-30 06:31:43,-17.6797,-149.4068,76758,649,,,,27325.34958562356,,,0.8455144740613356,258,PYF,,,159,0
Guadeloupe,France,2022-10-30 06:31:43,16.265,-61.551,196270,993,,,,49051.92601349072,,,0.5059357008202986,312,GLP,,,3469,4
Martinique,France,2022-10-30 06:31:43,14.6415,-61.0242,223728,1047,,,,59618.66947357201,,,0.467978974468998,474,MTQ,,,3536,5
Mayotte,France,2022-10-30 06:31:43,-12.8275,45.166244,40320,187,,,,14779.354356280675,,,0.4637896825396825,175,MYT,,,59,0
New Caledonia,France,2022-10-30 06:31:43,-20.904305,165.618042,74406,314,,,,26062.467818600235,,,0.4220089777706099,540,NCL,,,118,0
Reunion,France,2022-10-30 06:31:43,-21.1151,55.5364,477959,899,,,,53384.86867089314,,,0.1880914471743392,638,REU,,,1388,4
Saint Barthelemy,France,2022-10-30 06:31:43,17.9,-62.8333,5323,6,,,,53849.26656550329,,,0.1127183918842757,652,BLM,,,38,0
Saint Pierre and Miquelon,France,2022-10-30 06:31:43,46.8852,-56.3159,3231,1,,,,55754.96117342536,,,0.0309501702259362,666,SPM,,,43,0
St Martin,France,2022-10-30 06:31:43,18.0708,-63.0501,12026,63,,,,31107.892082050752,,,0.5238649592549476,663,MAF,,,48,0
Wallis and Futuna,France,2022-10-30 06:31:43,-14.2938,-178.1165,761,7,,,,4977.434757014848,,,0.9198423127463864,876,WLF,,,0,0
Baden-Wurttemberg,Germany,2022-10-30 06:31:43,48.6616,9.3501,4807787,17710,,,,43301.525536738,,,0.368360744766771,27601,DEU,,,286899,402
Bayern,Germany,2022-10-30 06:31:43,48.7904,11.4979,6448534,26478,,,,49074.91775418957,,,0.410604953001721,27602,DEU,,,379118,633
Berlin,Germany,2022-10-30 06:31:43,52.52,13.405,1329189,4927,,,,36276.12109752822,,,0.3706771572740972,27603,DEU,,,60902,93
Brandenburg,Germany,2022-10-30 06:31:43,52.4125,12.5316,1025787,6037,,,,40527.78448332741,,,0.588523738358938,27604,DEU,,,64948,118
Bremen,Germany,2022-10-30 06:31:43,53.0793,8.8017,276480,863,,,,40651.0520047638,,,0.3121383101851852,27605,DEU,,,15801,24
Hamburg,Germany,2022-10-30 06:31:43,53.5511,9.9937,756924,3131,,,,40860.08038961866,,,0.4136478695351184,27606,DEU,,,27180,67
Hessen,Germany,2022-10-30 06:31:43,50.6521,9.1624,2725200,11381,,,,43304.20008790505,,,0.4176207250843974,27607,DEU,,,202437,282
Mecklenburg-Vorpommern,Germany,2022-10-30 06:31:43,53.6127,12.4296,651190,2526,,,,40427.148687525376,,,0.3879052196747493,27608,DEU,,,41287,65
Niedersachsen,Germany,2022-10-30 06:31:43,52.6367,9.8451,3461732,11213,,,,43253.15387007631,,,0.3239130007753344,27609,DEU,,,232127,383
Nordrhein-Westfalen,Germany,2022-10-30 06:31:43,51.4332,7.6616,7283569,28140,,,,40632.28672784185,,,0.3863490549756582,27610,DEU,,,454755,632
Rheinland-Pfalz,Germany,2022-10-30 06:31:43,50.1183,7.309,1646832,6365,,,,40182.40328948604,,,0.3864996550953588,27611,DEU,,,125772,180
Saarland,Germany,2022-10-30 06:31:43,49.3964,7.023,459311,1917,,,,46678.37409081994,,,0.4173642695254413,27612,DEU,,,41688,59
Sachsen,Germany,2022-10-30 06:31:43,51.1045,13.2017,1863922,16208,,,,45944.02531365381,,,0.8695642843423705,27613,DEU,,,91442,168
Sachsen-Anhalt,Germany,2022-10-30 06:31:43,51.9503,11.6923,902073,5842,,,,41366.51619400152,,,0.6476194276959847,27614,DEU,,,53972,121
Schleswig-Holstein,Germany,2022-10-30 06:31:43,54.2194,9.6961,1084574,3011,,,,37259.38077038691,,,0.2776205219745264,27615,DEU,,,64880,113
Thuringen,Germany,2022-10-30 06:31:43,51.011,10.8453,848026,7795,,,,39996.75507973873,,,0.9191935152931632,27616,DEU,,,41693,140
Unknown,Germany,2022-10-30 06:31:43,,,0,0,,,,,,,,27617,DEU,,,0,0
Andaman and Nicobar Islands,India,2022-10-30 06:31:43,11.225999,92.968178,10736,129,,,,2574.3580889899195,,,1.201564828614009,35601,IND,,,47,0
Andhra Pradesh,India,2022-10-30 06:31:43,15.9129,79.74,2338889,14733,,,,4339.038546237711,,,0.6299144593864865,35602,IND,,,539,0
Arunachal Pradesh,India,2022-10-30 06:31:43,27.768456,96.384277,66876,296,,,,4258.375582155015,,,0.4426102039595669,35603,IND,,,28,0
Assam,India,2022-10-30 06:31:43,26.357149,92.830441,746034,8035,,,,2095.18685336346,,,1.077028660892131,35604,IND,,,395,1
Bihar,India,2022-10-30 06:31:43,25.679658,85.60484,851156,12302,,,,682.0164300417935,,,1.4453284709265986,35605,IND,,,607,0
Chandigarh,India,2022-10-30 06:31:43,30.733839,76.768278,99295,1181,,,,8571.196739155768,,,1.189385165416184,35606,IND,,,89,0
Chhattisgarh,India,2022-10-30 06:31:43,21.264705,82.035366,1177464,14142,,,,4000.050142288937,,,1.2010558284584496,35607,IND,,,1101,8
Dadra and Nagar Haveli and Daman and Diu,India,2022-10-30 06:31:43,20.194742,73.080901,11588,4,,,,1882.0120703432056,,,0.0345184673800483,35608,IND,,,1,0
Delhi,India,2022-10-30 06:31:43,28.646519,77.10898,2005989,26508,,,,10720.952179694832,,,1.3214429391188087,35609,IND,,,2528,6
Goa,India,2022-10-30 06:31:43,15.359682,74.057396,258681,3967,,,,16307.706855791965,,,1.5335490430298322,35610,IND,,,561,1
Gujarat,India,2022-10-30 06:31:43,22.694884,71.590923,1276662,11039,,,,1998.7694528273475,,,0.8646767899412687,35611,IND,,,1820,5
Haryana,India,2022-10-30 06:31:43,29.20004,76.332824,1056049,10711,,,,3744.231633516863,,,1.014252179586364,35612,IND,,,1072,6
Himachal Pradesh,India,2022-10-30 06:31:43,31.927213,77.233081,312442,4211,,,,4192.752103307119,,,1.3477701461391234,35613,IND,,,224,1
Jammu and Kashmir,India,2022-10-30 06:31:43,33.75943,76.612638,479287,4785,,,,3522.53217622399,,,0.9983579775791958,35614,IND,,,130,0
Jharkhand,India,2022-10-30 06:31:43,23.654536,85.557631,442537,5331,,,,1146.648692173187,,,1.2046450353303793,35615,IND,,,170,1
Karnataka,India,2022-10-30 06:31:43,14.70518,76.166436,4068558,40296,,,,6021.900905479099,,,0.990424617272262,35616,IND,,,3579,12
Kerala,India,2022-10-30 06:31:43,10.450898,76.405749,6821230,71375,,,,19107.384952756827,,,1.0463655381800645,35617,IND,,,14414,205
Ladakh,India,2022-10-30 06:31:43,34.1526,77.5771,29388,231,,,,10714.246652253643,,,0.7860351163740302,35618,IND,,,49,0
Lakshadweep,India,2022-10-30 06:31:43,13.6999972,72.1833326,11415,52,,,,17717.17704760279,,,0.4555409548839246,35637,IND,,,0,0
Madhya Pradesh,India,2022-10-30 06:31:43,23.541513,78.289633,1054720,10775,,,,1235.6288528100124,,,1.021598149271845,35619,IND,,,400,4
Maharashtra,India,2022-10-30 06:31:43,19.449759,76.108221,8131139,148383,,,,6602.939871568316,,,1.8248734894336447,35620,IND,,,9266,37
Manipur,India,2022-10-30 06:31:43,24.738975,93.882541,139876,2149,,,,4524.469157007257,,,1.5363607766879237,35621,IND,,,64,1
Meghalaya,India,2022-10-30 06:31:43,25.536934,91.278882,96762,1624,,,,2874.081818748868,,,1.6783448047787357,35622,IND,,,62,2
Mizoram,India,2022-10-30 06:31:43,23.309381,92.83822,238784,724,,,,19268.52177617967,,,0.3032028946663093,35623,IND,,,338,1
Nagaland,India,2022-10-30 06:31:43,26.06702,94.470302,35974,782,,,,1599.0612060746012,,,2.173792183243453,35624,IND,,,13,1
Odisha,India,2022-10-30 06:31:43,20.505428,84.418059,1336044,9203,,,,2882.117468564274,,,0.688824619548458,35625,IND,,,1808,9
Puducherry,India,2022-10-30 06:31:43,11.882658,78.86498,175334,1974,,,,12403.876220161834,,,1.125851232504819,35626,IND,,,698,0
Punjab,India,2022-10-30 06:31:43,30.841465,75.40879,785140,17920,,,,2604.8581131324045,,,2.282395496344601,35627,IND,,,530,4
Rajasthan,India,2022-10-30 06:31:43,26.583423,73.847973,1314268,9644,,,,1621.8985402298572,,,0.7337924989423771,35628,IND,,,1070,3
Sikkim,India,2022-10-30 06:31:43,27.571671,88.472712,44283,498,,,,6415.492335396834,,,1.1245850552130614,35629,IND,,,96,0
Tamil Nadu,India,2022-10-30 06:31:43,11.006091,78.400624,3591571,38048,,,,4613.967807075905,,,1.0593692843605207,35630,IND,,,7958,1
Telangana,India,2022-10-30 06:31:43,18.1124,79.0193,839994,4111,,,,2133.9829765881086,,,0.489408257678031,35631,IND,,,2025,0
Tripura,India,2022-10-30 06:31:43,23.746783,91.743565,108005,940,,,,2590.1759175633138,,,0.8703300773112356,35632,IND,,,204,1
Unknown,India,2022-10-30 06:31:43,,,0,0,,,,,,,,35636,IND,,,0,0
Uttar Pradesh,India,2022-10-30 06:31:43,26.925425,80.560982,2127453,23627,,,,894.3284973719718,,,1.110576825904027,35633,IND,,,1205,5
Uttarakhand,India,2022-10-30 06:31:43,30.156447,79.197608,449128,7751,,,,3991.9444365931913,,,1.725788639318858,35634,IND,,,-78,0
West Bengal,India,2022-10-30 06:31:43,23.814082,87.979803,2117911,21527,,,,2126.218070213783,,,1.016426091559088,35635,IND,,,3162,20
Abruzzo,Italy,2022-10-30 06:31:43,42.35122196,13.39843823,587217,3708,,,,44771.72570487504,,,0.6314531084760829,38013,ITA,,,26777,41
Basilicata,Italy,2022-10-30 06:31:43,40.63947052,15.80514834,188808,989,,,,33543.861893264686,,,0.5238125503156645,38017,ITA,,,4695,4
Calabria,Italy,2022-10-30 06:31:43,38.90597598,16.59440194,580383,3061,,,,29807.08539897932,,,0.5274103479943417,38018,ITA,,,21534,50
Campania,Italy,2022-10-30 06:31:43,40.83956555,14.25084984,2291891,11292,,,,39503.83784592495,,,0.4926935879585896,38015,ITA,,,58195,72
Emilia-Romagna,Italy,2022-10-30 06:31:43,44.49436681,11.3417208,1957498,18234,,,,43895.23704237067,,,0.9314952045928016,38008,ITA,,,89045,198
Friuli Venezia Giulia,Italy,2022-10-30 06:31:43,45.6494354,13.76813649,525038,5574,,,,43205.18095488883,,,1.0616374433850502,38006,ITA,,,31050,142
Lazio,Italy,2022-10-30 06:31:43,41.89277044,12.48366722,2165500,12217,,,,36833.981903977525,,,0.5641653197875779,38012,ITA,,,90269,132
Liguria,Italy,2022-10-30 06:31:43,44.41149315,8.9326992,604061,5622,,,,38955.59252953619,,,0.9307007073788904,38007,ITA,,,27233,44
Lombardia,Italy,2022-10-30 06:31:43,45.46679409,9.190347404,3778186,43086,,,,37554.37811003627,,,1.1403885356623522,38003,ITA,,,198656,530
Marche,Italy,2022-10-30 06:31:43,43.61675973,13.5188753,653197,4160,,,,42824.97995438187,,,0.6368675912473573,38011,ITA,,,29271,47
Molise,Italy,2022-10-30 06:31:43,41.55774754,14.65916051,93757,684,,,,30677.940036058204,,,0.7295455272672974,38014,ITA,,,3365,5
P.A. Bolzano,Italy,2022-10-30 06:31:43,46.49933453,11.35662422,281542,1572,,,,52889.81398337084,,,0.558353638178318,38041,ITA,,,16581,28
P.A. Trento,Italy,2022-10-30 06:31:43,46.06893511,11.12123097,229481,1617,,,,42385.1811354628,,,0.7046334990696398,38042,ITA,,,15009,19
Piemonte,Italy,2022-10-30 06:31:43,45.0732745,7.680687483,1587152,13677,,,,36432.60063455977,,,0.8617322096434368,38001,ITA,,,104776,57
Puglia,Italy,2022-10-30 06:31:43,41.12559576,16.86736689,1517317,9167,,,,37659.39539638719,,,0.6041585245535376,38016,ITA,,,37206,77
Sardegna,Italy,2022-10-30 06:31:43,39.21531192,9.110616306,467935,2783,,,,28539.73948381029,,,0.5947407225362497,38020,ITA,,,17691,15
Sicilia,Italy,2022-10-30 06:31:43,38.11569725,13.3623567,1688122,12247,,,,33763.17603723761,,,0.7254807413208287,38019,ITA,,,37097,45
Toscana,Italy,2022-10-30 06:31:43,43.76923077,11.25588885,1468034,10981,,,,39361.26828292589,,,0.7480071987433533,38009,ITA,,,60058,196
Umbria,Italy,2022-10-30 06:31:43,43.10675841,12.38824698,400820,2179,,,,45443.67159288674,,,0.5436355471283868,38010,ITA,,,23000,57
Valle d'Aosta,Italy,2022-10-30 06:31:43,45.73750286,7.320149366,47564,555,,,,37849.53766332978,,,1.1668488773021612,38002,ITA,,,2867,4
Veneto,Italy,2022-10-30 06:31:43,45.43490485,12.33845213,2417520,15696,,,,49278.2704091887,,,0.6492603990866673,38005,ITA,,,136302,208
Aichi,Japan,2022-10-30 06:31:43,35.035551,137.211621,1412562,2970,,,,18703.88370918876,,,0.2102562577784196,39201,JPN,,,45535,92
Akita,Japan,2022-10-30 06:31:43,39.748679,140.408228,112808,256,,,,11671.92624859026,,,0.2269342599815615,39202,JPN,,,11866,29
Aomori,Japan,2022-10-30 06:31:43,40.781541,140.828896,173470,334,,,,13918.006757217554,,,0.1925404969158932,39203,JPN,,,9837,30
Chiba,Japan,2022-10-30 06:31:43,35.510141,140.198917,984507,2654,,,,15728.501631630726,,,0.2695765494811108,39204,JPN,,,35582,69
Ehime,Japan,2022-10-30 06:31:43,33.624835,132.856842,171771,289,,,,12826.24522574792,,,0.1682472594326166,39205,JPN,,,9199,1
Fukui,Japan,2022-10-30 06:31:43,35.846614,136.224654,120658,104,,,,15711.965955540623,,,0.0861940360357373,39206,JPN,,,6204,6
Fukuoka,Japan,2022-10-30 06:31:43,33.526032,130.666949,1108067,2029,,,,21711.142099650075,,,0.1831116710451624,39207,JPN,,,28067,66
Fukushima,Japan,2022-10-30 06:31:43,37.378867,140.223295,205626,284,,,,11141.906423071234,,,0.1381148298366938,39208,JPN,,,17985,18
Gifu,Japan,2022-10-30 06:31:43,35.778671,137.055925,308608,618,,,,15534.582678734936,,,0.2002540439651597,39209,JPN,,,17416,29
Gunma,Japan,2022-10-30 06:31:43,36.504479,138.985605,253058,508,,,,13027.733961541471,,,0.200744493357254,39210,JPN,,,15997,37
Hiroshima,Japan,2022-10-30 06:31:43,34.605309,132.788719,460390,789,,,,16418.007850431695,,,0.1713764417124611,39211,JPN,,,28074,25
Hokkaido,Japan,2022-10-30 06:31:43,43.385711,142.552318,830834,2721,,,,15825.261821365855,,,0.3275022447324014,39212,JPN,,,80923,125
Hyogo,Japan,2022-10-30 06:31:43,35.039913,134.828057,1041914,2913,,,,19061.064470865447,,,0.2795816161410634,39213,JPN,,,32052,54
Ibaraki,Japan,2022-10-30 06:31:43,36.303588,140.319591,383728,724,,,,13415.62286845433,,,0.188675311679106,39214,JPN,,,19065,34
Ishikawa,Japan,2022-10-30 06:31:43,36.769464,136.771027,173492,295,,,,15250.046367552732,,,0.1700366587508357,39215,JPN,,,11296,11
Iwate,Japan,2022-10-30 06:31:43,39.593287,141.361777,118921,204,,,,9693.466664927748,,,0.1715424525525348,39216,JPN,,,10115,11
Kagawa,Japan,2022-10-30 06:31:43,34.217292,133.969047,150765,306,,,,15764.675374105842,,,0.2029648791165058,39217,JPN,,,7964,13
Kagoshima,Japan,2022-10-30 06:31:43,31.009484,130.430665,307815,550,,,,19211.14566618797,,,0.1786787518477007,39218,JPN,,,8219,8
Kanagawa,Japan,2022-10-30 06:31:43,35.415312,139.338983,1544365,3070,,,,16789.736937432135,,,0.1987872038022099,39219,JPN,,,54480,96
Kochi,Japan,2022-10-30 06:31:43,33.422519,133.367307,104272,309,,,,14938.061312638873,,,0.2963403406475372,39220,JPN,,,3888,14
Kumamoto,Japan,2022-10-30 06:31:43,32.608154,130.745231,343216,660,,,,19639.647578605,,,0.1922987273320591,39221,JPN,,,12237,17
Kyoto,Japan,2022-10-30 06:31:43,35.253815,135.443341,491204,1122,,,,19017.118751880116,,,0.2284183353555753,39222,JPN,,,13322,57
Mie,Japan,2022-10-30 06:31:43,34.508018,136.376013,267748,550,,,,15034.572756645302,,,0.2054170339274243,39223,JPN,,,13511,20
Miyagi,Japan,2022-10-30 06:31:43,38.446859,140.927086,280738,414,,,,12172.31444285705,,,0.1474684581353432,39224,JPN,,,20348,19
Miyazaki,Japan,2022-10-30 06:31:43,32.193204,131.299374,202403,386,,,,18857.990442569237,,,0.1907086357415651,39225,JPN,,,6858,24
Nagano,Japan,2022-10-30 06:31:43,36.132134,138.045528,233127,365,,,,11378.765027162372,,,0.1565670214089316,39226,JPN,,,24194,18
Nagasaki,Japan,2022-10-30 06:31:43,33.235712,129.608033,220058,339,,,,16589.070382443137,,,0.154050295831099,39227,JPN,,,7413,8
Nara,Japan,2022-10-30 06:31:43,34.317451,135.871644,230329,553,,,,17316.368486222702,,,0.2400913475940936,39228,JPN,,,9084,25
Niigata,Japan,2022-10-30 06:31:43,37.521819,138.918647,252436,182,,,,11355.10407510933,,,0.0720974821340854,39229,JPN,,,17821,19
Oita,Japan,2022-10-30 06:31:43,33.200697,131.43324,183483,401,,,,16159.723946966536,,,0.2185488573873328,39230,JPN,,,7377,22
Okayama,Japan,2022-10-30 06:31:43,34.89246,133.826252,292037,421,,,,15455.078519845089,,,0.1441598153658611,39231,JPN,,,16589,11
Okinawa,Japan,2022-10-30 06:31:43,25.768923,126.668016,508844,784,,,,35016.18532750515,,,0.1540747262422274,39232,JPN,,,8167,62
Osaka,Japan,2022-10-30 06:31:43,34.620965,135.507481,2163293,6615,,,,24556.74717910932,,,0.3057838212391941,39233,JPN,,,64665,168
Port Quarantine,Japan,2022-10-30 06:31:43,,,22118,8,,,,,,,0.0361696355909214,39248,JPN,,,0,0
Saga,Japan,2022-10-30 06:31:43,33.286977,130.115738,162983,238,,,,20005.007910780638,,,0.1460274998005927,39234,JPN,,,5432,13
Saitama,Japan,2022-10-30 06:31:43,35.997101,139.347635,1236388,2490,,,,16822.308088242597,,,0.2013930901949873,39235,JPN,,,44020,99
Shiga,Japan,2022-10-30 06:31:43,35.215827,136.138064,245421,366,,,,17357.20605427517,,,0.1491314924150745,39236,JPN,,,11261,40
Shimane,Japan,2022-10-30 06:31:43,35.07076,132.554064,89120,99,,,,13215.767573322892,,,0.1110861759425493,39237,JPN,,,6370,5
Shizuoka,Japan,2022-10-30 06:31:43,34.916975,138.407784,518883,769,,,,14241.224439609085,,,0.1482029667574385,39238,JPN,,,24020,21
Tochigi,Japan,2022-10-30 06:31:43,36.689912,139.819213,238334,517,,,,12323.434971225292,,,0.2169224701469366,39239,JPN,,,13512,26
Tokushima,Japan,2022-10-30 06:31:43,33.919178,134.242091,97404,182,,,,13380.093052390392,,,0.1868506426840787,39240,JPN,,,4153,8
Tokyo,Japan,2022-10-30 06:31:43,35.711343,139.446921,3263491,6001,,,,23443.50265501004,,,0.1838828420240779,39241,JPN,,,90065,163
Tottori,Japan,2022-10-30 06:31:43,35.359069,133.863619,68468,86,,,,12324.185773582596,,,0.125606122568207,39242,JPN,,,5277,11
Toyama,Japan,2022-10-30 06:31:43,36.637464,137.269346,140139,185,,,,13429.681974735076,,,0.1320117882959062,39243,JPN,,,10699,5
Unknown,Japan,2022-10-30 06:31:43,,,173,0,,,,,,,0.0,39249,JPN,,,165,0
Wakayama,Japan,2022-10-30 06:31:43,33.911879,135.505446,141819,262,,,,15332.894382620148,,,0.1847425239213363,39244,JPN,,,8332,11
Yamagata,Japan,2022-10-30 06:31:43,38.448396,140.102154,123012,210,,,,11414.668366636788,,,0.1707150521900302,39245,JPN,,,16346,14
Yamaguchi,Japan,2022-10-30 06:31:43,34.20119,131.573293,174687,399,,,,12860.367390689786,,,0.2284085249617888,39246,JPN,,,10714,7
Yamanashi,Japan,2022-10-30 06:31:43,35.612364,138.611489,102653,169,,,,12658.269992453352,,,0.1646323049496848,39247,JPN,,,6405,16
Johor,Malaysia,2022-10-30 06:31:43,1.4854,103.7618,395188,4645,,,,10487.447587707658,,,1.175389940990111,45801,MYS,,,1206,16
Kedah,Malaysia,2022-10-30 06:31:43,6.1184,100.3685,311559,2688,,,,14253.122283727527,,,0.862757936698988,45802,MYS,,,1578,7
Kelantan,Malaysia,2022-10-30 06:31:43,6.1254,102.2381,255053,1422,,,,13479.177676778354,,,0.5575311797940036,45803,MYS,,,1214,0
Melaka,Malaysia,2022-10-30 06:31:43,2.1896,102.2501,136948,1188,,,,14682.963439476787,,,0.8674825481204544,45804,MYS,,,1424,4
Negeri Sembilan,Malaysia,2022-10-30 06:31:43,2.7258,101.9424,224901,1514,,,,19865.824573800903,,,0.6731850903286335,45805,MYS,,,2458,5
Pahang,Malaysia,2022-10-30 06:31:43,3.8126,103.3256,178543,1014,,,,10645.936437898754,,,0.5679304145219919,45806,MYS,,,904,6
Perak,Malaysia,2022-10-30 06:31:43,4.5921,101.0901,232079,2050,,,,9230.362327486777,,,0.8833199039982075,45807,MYS,,,3819,13
Perlis,Malaysia,2022-10-30 06:31:43,6.4449,100.2048,18598,192,,,,7304.791830322074,,,1.0323690719432197,45808,MYS,,,118,0
Pulau Pinang,Malaysia,2022-10-30 06:31:43,5.4141,100.3288,299944,2032,,,,16873.537353735373,,,0.677459792494599,45809,MYS,,,2216,3
Sabah,Malaysia,2022-10-30 06:31:43,5.9788,116.0753,398537,3167,,,,10206.597177760135,,,0.7946564559877752,45810,MYS,,,3240,4
Sarawak,Malaysia,2022-10-30 06:31:43,1.5533,110.3592,317376,1768,,,,11262.055995174054,,,0.5570679572494455,45811,MYS,,,1534,1
Selangor,Malaysia,2022-10-30 06:31:43,3.0738,101.5183,1496811,10875,,,,22880.371145997346,,,0.7265446338916537,45812,MYS,,,18352,25
Terengganu,Malaysia,2022-10-30 06:31:43,5.3117,103.1324,130218,884,,,,10416.606671466285,,,0.6788616013147184,45813,MYS,,,531,1
Unknown,Malaysia,2022-10-30 06:31:43,,,0,0,,,,,,,,45817,MYS,,,0,0
W.P. Kuala Lumpur,Malaysia,2022-10-30 06:31:43,3.139,101.6869,450493,2838,,,,25331.365272154744,,,0.629976492420526,45814,MYS,,,11676,5
W.P. Labuan,Malaysia,2022-10-30 06:31:43,5.2831,115.2308,22329,157,,,,22463.782696177062,,,0.7031215011867974,45815,MYS,,,62,0
W.P. Putrajaya,Malaysia,2022-10-30 06:31:43,2.9264,101.6964,28345,30,,,,26892.78937381404,,,0.1058387722702416,45816,MYS,,,833,0
Aguascalientes,Mexico,2022-10-30 06:31:43,21.8853,-102.2916,84536,3591,,,,5892.509244511671,,,4.247894388189647,48401,MEX,,,9,6
Baja California,Mexico,2022-10-30 06:31:43,30.8406,-115.2838,165380,12422,,,,4549.821341517766,,,7.51118635868908,48402,MEX,,,771,4
Baja California Sur,Mexico,2022-10-30 06:31:43,26.0444,-111.6661,124905,2766,,,,15521.77932865089,,,2.2144830070853847,48403,MEX,,,245,0
Campeche,Mexico,2022-10-30 06:31:43,19.8301,-90.5349,42924,2280,,,,4289.753222261865,,,5.311713726586525,48404,MEX,,,40,0
Chiapas,Mexico,2022-10-30 06:31:43,16.7569,-93.1292,52301,2434,,,,912.6989597699414,,,4.653830710693868,48405,MEX,,,1803,1
Chihuahua,Mexico,2022-10-30 06:31:43,28.633,-106.0691,165412,10145,,,,4351.244657682639,,,6.13317050758107,48406,MEX,,,429,12
Ciudad de Mexico,Mexico,2022-10-30 06:31:43,19.4326,-99.1332,1745758,43604,,,,19357.20942558444,,,2.497711595765278,48407,MEX,,,6311,39
Coahuila,Mexico,2022-10-30 06:31:43,27.0587,-101.7068,180541,8962,,,,5609.093055624596,,,4.963969403071879,48408,MEX,,,172,6
Colima,Mexico,2022-10-30 06:31:43,19.1223,-104.0072,67371,2242,,,,8580.620592419567,,,3.327841356073088,48409,MEX,,,119,0
Durango,Mexico,2022-10-30 06:31:43,24.5593,-104.6588,79341,3672,,,,4245.113419183348,,,4.62812417287405,48410,MEX,,,30,1
Guanajuato,Mexico,2022-10-30 06:31:43,21.019,-101.2574,351837,15082,,,,5649.118722579246,,,4.286644099398301,48411,MEX,,,269,7
Guerrero,Mexico,2022-10-30 06:31:43,17.4392,-99.5451,115992,6847,,,,3171.738516967784,,,5.90299330988344,48412,MEX,,,273,7
Hidalgo,Mexico,2022-10-30 06:31:43,20.0911,-98.7624,120398,8549,,,,3900.902471282207,,,7.100616289307132,48413,MEX,,,465,5
Jalisco,Mexico,2022-10-30 06:31:43,20.6595,-103.3494,284696,19988,,,,3385.3316643068897,,,7.020822210357715,48414,MEX,,,339,10
Mexico,Mexico,2022-10-30 06:31:43,19.4969,-99.7233,703337,47914,,,,4035.721109790742,,,6.812381546826059,48415,MEX,,,1294,40
Michoacan,Mexico,2022-10-30 06:31:43,19.5665,-101.7068,109992,8973,,,,2279.437501670845,,,8.157866026620118,48416,MEX,,,155,8
Morelos,Mexico,2022-10-30 06:31:43,18.6813,-99.1013,91513,5339,,,,4477.025602991696,,,5.834143782850524,48417,MEX,,,470,2
Nayarit,Mexico,2022-10-30 06:31:43,21.7514,-104.8455,72114,3244,,,,5596.432016551668,,,4.498433036580969,48418,MEX,,,58,0
Nuevo Leon,Mexico,2022-10-30 06:31:43,25.5922,-99.9962,401674,15350,,,,7159.769082946579,,,3.821506993233319,48419,MEX,,,638,6
Oaxaca,Mexico,2022-10-30 06:31:43,17.0732,-96.7266,149800,6343,,,,3615.2199311080985,,,4.234312416555407,48420,MEX,,,233,4
Puebla,Mexico,2022-10-30 06:31:43,19.0414,-98.2063,208386,16660,,,,3155.2357644867075,,,7.994778919889052,48421,MEX,,,347,5
Queretaro,Mexico,2022-10-30 06:31:43,20.5888,-100.3899,177283,6342,,,,7776.808325185106,,,3.577331159784074,48422,MEX,,,311,1
Quintana Roo,Mexico,2022-10-30 06:31:43,19.1817,-88.4791,111871,4428,,,,6491.827403773896,,,3.958130346559877,48423,MEX,,,143,4
San Luis Potosi,Mexico,2022-10-30 06:31:43,22.1565,-100.9855,240952,7611,,,,8406.840972987382,,,3.158720409044125,48424,MEX,,,1352,12
Sinaloa,Mexico,2022-10-30 06:31:43,25.1721,-107.4795,176639,9915,,,,5595.731456590069,,,5.613143190348677,48425,MEX,,,695,4
Sonora,Mexico,2022-10-30 06:31:43,29.2972,-110.3309,195106,10297,,,,6345.436776057852,,,5.2776439473927,48426,MEX,,,-211,1
Tabasco,Mexico,2022-10-30 06:31:43,17.8409,-92.6189,213440,6128,,,,8297.674404139196,,,2.871064467766117,48427,MEX,,,67,1
Tamaulipas,Mexico,2022-10-30 06:31:43,24.2669,-98.8363,177526,8198,,,,4862.923978017872,,,4.617915122291946,48428,MEX,,,929,17
Tlaxcala,Mexico,2022-10-30 06:31:43,19.3139,-98.2404,56492,3123,,,,4093.590558336129,,,5.528216384620832,48429,MEX,,,40,0
Unknown,Mexico,2022-10-30 06:31:43,,,0,0,,,,,,,,48433,MEX,,,0,0
Veracruz,Mexico,2022-10-30 06:31:43,19.1738,-96.1342,224398,17036,,,,2627.6537021324234,,,7.591868020214084,48430,MEX,,,366,11
Yucatan,Mexico,2022-10-30 06:31:43,20.7099,-89.0943,136963,6944,,,,6062.729461050384,,,5.069982404006922,48431,MEX,,,223,8
Zacatecas,Mexico,2022-10-30 06:31:43,22.7709,-102.5832,79808,3924,,,,4789.17155637274,,,4.916800320769847,48432,MEX,,,-29,0
Aruba,Netherlands,2022-10-30 06:31:43,12.5211,-69.9683,43334,232,,,,40587.82758556095,,,0.5353763788249412,533,ABW,,,364,2
"Bonaire, Sint Eustatius and Saba",Netherlands,2022-10-30 06:31:43,12.1784,-68.2385,11450,38,,,,43667.28957705656,,,0.3318777292576419,535,BES,,,105,0
Curacao,Netherlands,2022-10-30 06:31:43,12.1696,-68.99,45467,290,,,,27706.886045094456,,,0.6378252358853674,531,CUW,,,99,3
Drenthe,Netherlands,2022-10-30 06:31:43,52.862485,6.618435,214241,462,,,,43396.55891849409,,,0.2156449979228999,52801,NLD,,,2296,3
Flevoland,Netherlands,2022-10-30 06:31:43,52.550383,5.515162,193814,337,,,,45816.63794468832,,,0.1738780480254264,52802,NLD,,,1518,1
Friesland,Netherlands,2022-10-30 06:31:43,53.087337,5.7925,290301,622,,,,44664.647045881495,,,0.2142603711320319,52803,NLD,,,2498,2
Gelderland,Netherlands,2022-10-30 06:31:43,52.061738,5.939114,1041490,2918,,,,49928.76154388979,,,0.2801755177678134,52804,NLD,,,11085,38
Groningen,Netherlands,2022-10-30 06:31:43,53.217922,6.741514,261524,364,,,,44638.876466632304,,,0.1391841666539208,52805,NLD,,,2342,3
Limburg,Netherlands,2022-10-30 06:31:43,51.209227,5.93387,558943,2190,,,,50030.65697220106,,,0.3918109717806646,52806,NLD,,,7157,5
Noord-Brabant,Netherlands,2022-10-30 06:31:43,51.561174,5.184942,1293864,3763,,,,50483.28979634836,,,0.2908342762454168,52807,NLD,,,12636,22
Noord-Holland,Netherlands,2022-10-30 06:31:43,52.600906,4.918688,1399461,3472,,,,48600.37777037687,,,0.2480955167739579,52808,NLD,,,11663,28
Overijssel,Netherlands,2022-10-30 06:31:43,52.444558,6.441722,594090,1453,,,,51108.64878536415,,,0.2445757376828426,52809,NLD,,,5425,10
Sint Maarten,Netherlands,2022-10-30 06:31:43,18.0425,-63.0548,10922,88,,,,25469.894128072385,,,0.8057132393334554,534,SXM,,,59,1
Unknown,Netherlands,2022-10-30 06:31:43,,,0,0,,,,,,,,52813,NLD,,,0,0
Utrecht,Netherlands,2022-10-30 06:31:43,52.084251,5.163824,700581,1561,,,,51709.729752870095,,,0.2228150634972972,52810,NLD,,,6539,6
Zeeland,Netherlands,2022-10-30 06:31:43,51.47936,3.861559,178177,399,,,,46462.210030040056,,,0.2239346268036839,52811,NLD,,,1868,3
Zuid-Holland,Netherlands,2022-10-30 06:31:43,51.937835,4.462114,1785215,5270,,,,48135.92162851849,,,0.2952025386298009,52812,NLD,,,15935,40
Cook Islands,New Zealand,2022-10-30 06:31:43,-21.2367,-159.7777,6389,1,,,,36594.30666132081,,,0.0156519017060572,184,COK,,,0,0
Niue,New Zealand,2022-10-30 06:31:43,-19.0544,-169.8672,85,0,,,,5151.515151515152,,,0.0,570,NIU,,,5,0
Azad Jammu and Kashmir,Pakistan,2022-10-30 06:31:43,34.027401,73.947253,44327,793,,,,1095.747578834647,,,1.7889773727073792,58601,PAK,,,10,0
Balochistan,Pakistan,2022-10-30 06:31:43,28.328492,65.898403,36014,378,,,,291.7434355701788,,,1.0495918254012329,58602,PAK,,,16,0
Gilgit-Baltistan,Pakistan,2022-10-30 06:31:43,35.792146,74.982138,12070,191,,,,1190.823848837393,,,1.5824357912178957,58603,PAK,,,11,0
Islamabad,Pakistan,2022-10-30 06:31:43,33.665087,73.121219,139484,1031,,,,6951.357838143859,,,0.7391528777494193,58604,PAK,,,64,0
Khyber Pakhtunkhwa,Pakistan,2022-10-30 06:31:43,34.485332,72.09169,224474,6371,,,,735.4168056994753,,,2.8381906145032385,58605,PAK,,,197,2
Punjab,Pakistan,2022-10-30 06:31:43,30.811346,72.139132,522579,13615,,,,475.0180893175701,,,2.6053477081934022,58606,PAK,,,382,2
Sindh,Pakistan,2022-10-30 06:31:43,26.009446,68.776807,594974,8246,,,,1242.4787335251344,,,1.3859429151525948,58607,PAK,,,644,5
Amazonas,Peru,2022-10-30 06:31:43,-5.077253,-78.050172,49742,1376,,,,11654.639175257733,,,2.766273973704314,60401,PER,,,67,4
Ancash,Peru,2022-10-30 06:31:43,-9.407125,-77.671795,148941,7367,,,,12615.703879383364,,,4.946253885766847,60402,PER,,,419,15
Apurimac,Peru,2022-10-30 06:31:43,-14.027713,-72.975378,44326,1678,,,,10291.61829579754,,,3.785588593601949,60403,PER,,,63,4
Arequipa,Peru,2022-10-30 06:31:43,-15.843524,-72.475539,269439,10627,,,,17993.789234673433,,,3.944120932752868,60404,PER,,,518,23
Ayacucho,Peru,2022-10-30 06:31:43,-14.091648,-74.08344,53713,2387,,,,8038.461538461538,,,4.443989350808929,60405,PER,,,99,8
Cajamarca,Peru,2022-10-30 06:31:43,-6.430284,-78.745596,109158,4558,,,,7508.977092935269,,,4.175598673482475,60406,PER,,,68,4
Callao,Peru,2022-10-30 06:31:43,-11.954609,-77.136042,160258,10638,,,,14183.379060093814,,,6.638046150582186,60407,PER,,,258,19
Cusco,Peru,2022-10-30 06:31:43,-13.191068,-72.153609,135755,5329,,,,10003.315894186131,,,3.925453942764539,60408,PER,,,402,8
Huancavelica,Peru,2022-10-30 06:31:43,-13.023888,-75.00277,28885,1316,,,,7907.199562003832,,,4.5559979227973,60409,PER,,,41,4
Huanuco,Peru,2022-10-30 06:31:43,-9.421676,-76.040642,58152,2962,,,,7648.559779034592,,,5.093547943320952,60410,PER,,,45,7
Ica,Peru,2022-10-30 06:31:43,-14.235097,-75.574821,118412,9056,,,,12142.329778506974,,,7.64787352633179,60411,PER,,,535,13
Junin,Peru,2022-10-30 06:31:43,-11.541783,-74.876968,146736,7661,,,,10777.524788835844,,,5.220941009704504,60412,PER,,,293,19
La Libertad,Peru,2022-10-30 06:31:43,-7.92139,-78.370238,169174,11043,,,,8388.238794129315,,,6.527598803598662,60413,PER,,,214,18
Lambayeque,Peru,2022-10-30 06:31:43,-6.353049,-79.824113,120085,9345,,,,9161.199267622826,,,7.781987758670941,60414,PER,,,261,13
Lima,Peru,2022-10-30 06:31:43,-11.766533,-76.604498,1918510,94758,,,,18050.618619748788,,,4.939145482692298,60415,PER,,,6567,160
Loreto,Peru,2022-10-30 06:31:43,-4.124847,-74.424115,62867,4422,,,,6117.8474114441415,,,7.033896957068096,60416,PER,,,176,-2
Madre de Dios,Peru,2022-10-30 06:31:43,-11.972699,-70.53172,20402,883,,,,11738.780207134638,,,4.328007058131556,60417,PER,,,8,5
Moquegua,Peru,2022-10-30 06:31:43,-16.860271,-70.839046,59524,1684,,,,30889.465490399583,,,2.82911094684497,60418,PER,,,116,3
Pasco,Peru,2022-10-30 06:31:43,-10.39655,-75.307635,27334,1141,,,,10052.9606472968,,,4.174288431989464,60419,PER,,,38,8
Piura,Peru,2022-10-30 06:31:43,-5.133361,-80.335861,173627,13254,,,,8477.880859375,,,7.633605372436315,60420,PER,,,424,14
Puno,Peru,2022-10-30 06:31:43,-14.995827,-69.922726,74758,4955,,,,6038.610662358643,,,6.628053184943417,60421,PER,,,246,20
San Martin,Peru,2022-10-30 06:31:43,-7.039531,-76.729127,67206,3221,,,,7470.653623832814,,,4.792726839865488,60422,PER,,,21,9
Tacna,Peru,2022-10-30 06:31:43,-17.644161,-70.27756,60640,2193,,,,16345.013477088947,,,3.616424802110818,60423,PER,,,104,7
Tumbes,Peru,2022-10-30 06:31:43,-3.857496,-80.545255,31590,1728,,,,12560.636182902585,,,5.47008547008547,60424,PER,,,41,4
Ucayali,Peru,2022-10-30 06:31:43,-9.621718,-73.444929,43050,3295,,,,7307.75759633339,,,7.653890824622532,60425,PER,,,19,-3
Unknown,Peru,2022-10-30 06:31:43,,,3002,95,,,,,,,3.1645569620253164,60426,PER,,,-805,10
Adygea Republic,Russia,2022-10-30 06:31:43,44.6939006,40.1520421,54117,1019,,,,11936.45009881423,,,1.882957296228542,64301,RUS,,,826,8
Altai Krai,Russia,2022-10-30 06:31:43,52.6932243,82.6931424,310334,8819,,,,13205.25258714597,,,2.841776924217134,64302,RUS,,,7814,46
Altai Republic,Russia,2022-10-30 06:31:43,50.7114101,86.8572186,39813,627,,,,18257.56776711317,,,1.5748624821038355,64303,RUS,,,398,1
Amur Oblast,Russia,2022-10-30 06:31:43,52.8032368,128.437295,123905,766,,,,15518.69683276054,,,0.618215568379,64304,RUS,,,2257,1
Arkhangelsk Oblast,Russia,2022-10-30 06:31:43,63.5589686,43.1221646,267642,1784,,,,23171.90578929688,,,0.6665620493046682,64305,RUS,,,4706,9
Astrakhan Oblast,Russia,2022-10-30 06:31:43,47.1878186,47.608851,131927,3096,,,,12965.62012905965,,,2.346752370629212,64306,RUS,,,719,8
Bashkortostan Republic,Russia,2022-10-30 06:31:43,54.8573563,57.1439682,330058,5890,,,,8122.9190215916,,,1.784534839331269,64307,RUS,,,10946,54
Belgorod Oblast,Russia,2022-10-30 06:31:43,50.7080119,37.5837615,161889,2304,,,,10445.287235882097,,,1.423197375979838,64308,RUS,,,6804,11
Bryansk Oblast,Russia,2022-10-30 06:31:43,52.8873315,33.415853,183200,4110,,,,15128.218255927834,,,2.243449781659389,64309,RUS,,,2135,29
Buryatia Republic,Russia,2022-10-30 06:31:43,52.7182426,109.492143,152029,3087,,,,15442.082414518476,,,2.030533648185544,64310,RUS,,,1184,15
Chechen Republic,Russia,2022-10-30 06:31:43,43.3976147,45.6985005,46440,1076,,,,3231.775507122224,,,2.3169681309216195,64311,RUS,,,184,0
Chelyabinsk Oblast,Russia,2022-10-30 06:31:43,54.4223954,61.1865846,388922,8065,,,,11134.211041626826,,,2.0736805837674392,64312,RUS,,,13600,130
Chukotka Autonomous Okrug,Russia,2022-10-30 06:31:43,66.0006475,169.4900869,6695,44,,,,13566.91253951528,,,0.6572068707991038,64313,RUS,,,161,0
Chuvashia Republic,Russia,2022-10-30 06:31:43,55.4259922,47.0849429,102009,4689,,,,8285.889968215855,,,4.596653236479134,64314,RUS,,,2108,11
Dagestan Republic,Russia,2022-10-30 06:31:43,43.0574916,47.1332224,101899,3616,,,,3325.810205017486,,,3.54861186076409,64315,RUS,,,561,4
Ingushetia Republic,Russia,2022-10-30 06:31:43,43.11542075,45.01713552,43253,553,,,,8862.538751708353,,,1.278524033015051,64316,RUS,,,231,3
Irkutsk Oblast,Russia,2022-10-30 06:31:43,56.6370122,104.719221,349846,8586,,,,14551.481888948276,,,2.4542227151375178,64317,RUS,,,7048,30
Ivanovo Oblast,Russia,2022-10-30 06:31:43,56.9167446,41.4352137,129715,3184,,,,12784.26170309645,,,2.454612034074702,64318,RUS,,,4758,17
Jewish Autonomous Okrug,Russia,2022-10-30 06:31:43,48.57527615,132.6630746,21952,561,,,,13549.446344143098,,,2.555575801749271,64319,RUS,,,270,2
Kabardino-Balkarian Republic,Russia,2022-10-30 06:31:43,43.4806048,43.5978976,73006,1917,,,,8431.928743353183,,,2.625811577130647,64320,RUS,,,897,10
Kaliningrad Oblast,Russia,2022-10-30 06:31:43,54.7293041,21.1489473,190085,1988,,,,19111.72241275127,,,1.0458479101454612,64321,RUS,,,3126,18
Kalmykia Republic,Russia,2022-10-30 06:31:43,46.2313018,45.3275745,58823,843,,,,21358.10582652235,,,1.433112898016082,64322,RUS,,,559,0
Kaluga Oblast,Russia,2022-10-30 06:31:43,54.4382773,35.5272854,120635,1453,,,,11919.79495205799,,,1.2044597339080698,64323,RUS,,,2258,0
Kamchatka Krai,Russia,2022-10-30 06:31:43,57.1914882,160.0383819,44228,625,,,,14015.851335891772,,,1.4131319526092068,64324,RUS,,,521,1
Karachay-Cherkess Republic,Russia,2022-10-30 06:31:43,43.7368326,41.7267991,50839,991,,,,10902.520882255176,,,1.949290898719487,64325,RUS,,,692,7
Karelia Republic,Russia,2022-10-30 06:31:43,62.6194031,33.4920267,159939,1526,,,,25693.67244780589,,,0.9541137558694252,64326,RUS,,,4055,1
Kemerovo Oblast,Russia,2022-10-30 06:31:43,54.5335781,87.342861,208631,2725,,,,7741.763353206844,,,1.3061337960322292,64327,RUS,,,4955,70
Khabarovsk Krai,Russia,2022-10-30 06:31:43,51.6312684,136.121524,223044,1564,,,,16791.663341619602,,,0.7012069367479062,64328,RUS,,,2823,3
Khakassia Republic,Russia,2022-10-30 06:31:43,53.72258845,91.44293627,101960,2422,,,,18968.84354424916,,,2.3754413495488427,64329,RUS,,,1466,6
Khanty-Mansi Autonomous Okrug,Russia,2022-10-30 06:31:43,61.0259025,69.0982628,249090,2587,,,,16256.559827651356,,,1.038580432775302,64330,RUS,,,5770,12
Kirov Oblast,Russia,2022-10-30 06:31:43,57.9665589,49.4074599,163626,1079,,,,12751.025141088405,,,0.6594306528302348,64331,RUS,,,3429,10
Komi Republic,Russia,2022-10-30 06:31:43,63.9881421,54.3326073,189355,3229,,,,22518.85837694872,,,1.7052626019909694,64332,RUS,,,3767,11
Kostroma Oblast,Russia,2022-10-30 06:31:43,58.424756,44.2533273,101882,1431,,,,15836.810067710829,,,1.4045660666260968,64333,RUS,,,2472,16
Krasnodar Krai,Russia,2022-10-30 06:31:43,45.7684014,39.0261044,339785,11090,,,,6063.885983916965,,,3.263828597495475,64334,RUS,,,6985,50
Krasnoyarsk Krai,Russia,2022-10-30 06:31:43,63.3233807,97.0979974,420706,11117,,,,14625.636668489486,,,2.6424629075886723,64335,RUS,,,5628,71
Kurgan Oblast,Russia,2022-10-30 06:31:43,55.7655302,64.5632681,121115,1490,,,,14324.033129242129,,,1.2302357263757586,64336,RUS,,,3445,28
Kursk Oblast,Russia,2022-10-30 06:31:43,51.6568453,36.4852695,147915,2522,,,,13263.100130286208,,,1.7050332961498158,64337,RUS,,,3718,11
Leningrad Oblast,Russia,2022-10-30 06:31:43,60.1853296,32.3925325,235956,3499,,,,13008.816770830115,,,1.482903592195155,64338,RUS,,,4455,2
Lipetsk Oblast,Russia,2022-10-30 06:31:43,52.6935178,39.1122664,174438,3910,,,,15165.871008632404,,,2.241484080303604,64339,RUS,,,2577,46
Magadan Oblast,Russia,2022-10-30 06:31:43,62.48858785,153.9903764,21704,392,,,,15062.70343047102,,,1.806118687799484,64340,RUS,,,491,2
Mari El Republic,Russia,2022-10-30 06:31:43,56.5767504,47.8817512,48988,1087,,,,7179.485676348645,,,2.2189107536539563,64341,RUS,,,1079,0
Mordovia Republic,Russia,2022-10-30 06:31:43,54.4419829,44.4661144,81848,1396,,,,10166.746164241991,,,1.7056006255497995,64342,RUS,,,2141,0
Moscow,Russia,2022-10-30 06:31:43,55.7504461,37.6174943,3229558,46596,,,,25823.10209405245,,,1.4427980547183237,64343,RUS,,,31789,540
Moscow Oblast,Russia,2022-10-30 06:31:43,55.5043158,38.0353929,1117744,15397,,,,14896.53003277854,,,1.3775068351966102,64344,RUS,,,10793,42
Murmansk Oblast,Russia,2022-10-30 06:31:43,68.0000418,33.9999151,144057,3387,,,,19116.934750788598,,,2.3511526687352924,64345,RUS,,,1797,23
Nenets Autonomous Okrug,Russia,2022-10-30 06:31:43,68.27557185,57.1686375,8229,102,,,,18703.547969179715,,,1.2395187750637988,64346,RUS,,,112,1
Nizhny Novgorod Oblast,Russia,2022-10-30 06:31:43,55.4718033,44.0911594,494640,11737,,,,15291.43501572918,,,2.372836810609736,64347,RUS,,,9332,44
North Ossetia - Alania Republic,Russia,2022-10-30 06:31:43,42.7933611,44.6324493,45532,1266,,,,6488.21186579553,,,2.7804620925942194,64348,RUS,,,697,7
Novgorod Oblast,Russia,2022-10-30 06:31:43,58.2843833,32.5169757,115692,1053,,,,19076.10523747024,,,0.9101752930193964,64349,RUS,,,1565,12
Novosibirsk Oblast,Russia,2022-10-30 06:31:43,54.9720169,79.4813924,303749,5728,,,,10891.554185974212,,,1.8857675251605768,64350,RUS,,,8308,11
Omsk Oblast,Russia,2022-10-30 06:31:43,56.0935263,73.5099936,229095,4512,,,,11688.037382128596,,,1.969488640083808,64351,RUS,,,3658,30
Orel Oblast,Russia,2022-10-30 06:31:43,52.9685433,36.0692477,133305,1960,,,,17839.482794845615,,,1.4703124413937962,64352,RUS,,,3018,9
Orenburg Oblast,Russia,2022-10-30 06:31:43,52.0269262,54.7276647,239639,4029,,,,12116.932629492549,,,1.6812789237144203,64353,RUS,,,2585,1
Penza Oblast,Russia,2022-10-30 06:31:43,53.1655415,44.7879181,217491,6118,,,,16332.383387589129,,,2.8129899628030586,64354,RUS,,,6445,46
Perm Krai,Russia,2022-10-30 06:31:43,58.5951603,56.3159546,443805,9053,,,,16918.961451278286,,,2.0398598483568238,64355,RUS,,,12050,104
Primorsky Krai,Russia,2022-10-30 06:31:43,45.0819456,134.726645,205758,1966,,,,10755.568240446995,,,0.9554914025214086,64356,RUS,,,2844,0
Pskov Oblast,Russia,2022-10-30 06:31:43,57.5358729,28.8586826,125054,1934,,,,19645.712957115436,,,1.546531898219969,64357,RUS,,,1707,19
Rostov Oblast,Russia,2022-10-30 06:31:43,47.6222451,40.7957942,436087,11067,,,,10332.708439759534,,,2.5377963571489177,64358,RUS,,,4435,51
Ryazan Oblast,Russia,2022-10-30 06:31:43,54.4226732,40.5705246,147588,3461,,,,13160.18026276133,,,2.3450416022982896,64359,RUS,,,2405,19
Saint Petersburg,Russia,2022-10-30 06:31:43,59.9606739,30.1586551,1784973,35734,,,,33351.918511715856,,,2.0019350432751644,64360,RUS,,,26633,469
Sakha (Yakutiya) Republic,Russia,2022-10-30 06:31:43,66.941626,129.642371,212589,2137,,,,22045.25421795444,,,1.0052260465028764,64361,RUS,,,2448,3
Sakhalin Oblast,Russia,2022-10-30 06:31:43,49.7219665,143.448533,68623,830,,,,13999.522625315954,,,1.2095070165979336,64362,RUS,,,844,1
Samara Oblast,Russia,2022-10-30 06:31:43,53.2128813,50.8914633,478820,8100,,,,14993.514980676458,,,1.6916586608746502,64363,RUS,,,15089,70
Saratov Oblast,Russia,2022-10-30 06:31:43,51.6520555,46.8631952,296352,6001,,,,12032.400170527211,,,2.024956808120073,64364,RUS,,,7856,0
Smolensk Oblast,Russia,2022-10-30 06:31:43,55.0343496,33.0192065,145358,3131,,,,15311.350526887927,,,2.1539922123309347,64365,RUS,,,1637,23
Stavropol Krai,Russia,2022-10-30 06:31:43,44.8632577,43.4406913,241580,7118,,,,8625.780794194541,,,2.9464359632419903,64366,RUS,,,5434,11
Sverdlovsk Oblast,Russia,2022-10-30 06:31:43,58.6414755,61.8021546,543896,10850,,,,12574.88574086713,,,1.994866665686087,64367,RUS,,,20493,28
Tambov Oblast,Russia,2022-10-30 06:31:43,52.9019574,41.3578918,136466,2502,,,,13203.593046116694,,,1.8334237099350756,64368,RUS,,,2500,22
Tatarstan Republic,Russia,2022-10-30 06:31:43,55.7648572,52.43104273,187184,2005,,,,4806.634544373241,,,1.071138558851184,64369,RUS,,,6852,1
Tomsk Oblast,Russia,2022-10-30 06:31:43,58.6124279,82.0475315,155887,917,,,,14457.00560151352,,,0.5882466145348875,64370,RUS,,,5186,15
Tula Oblast,Russia,2022-10-30 06:31:43,53.9570701,37.3690909,186078,5333,,,,12472.92799903476,,,2.866002429088877,64371,RUS,,,2563,25
Tver Oblast,Russia,2022-10-30 06:31:43,57.1134475,35.1744428,178431,2770,,,,13897.869960658105,,,1.5524208237357855,64372,RUS,,,1784,5
Tyumen Oblast,Russia,2022-10-30 06:31:43,58.8206488,70.3658837,247734,4359,,,,6709.2947676308095,,,1.7595485480394293,64373,RUS,,,8168,11
Tyva Republic,Russia,2022-10-30 06:31:43,51.4017149,93.8582593,52223,357,,,,16232.337235252797,,,0.6836068398981292,64374,RUS,,,88,0
Udmurt Republic,Russia,2022-10-30 06:31:43,57.1961165,52.6959832,222140,3925,,,,14681.661604024734,,,1.766903754389124,64375,RUS,,,12870,43
Ulyanovsk Oblast,Russia,2022-10-30 06:31:43,54.1463177,47.2324921,224898,4802,,,,18040.650784763257,,,2.135190175101602,64376,RUS,,,2205,26
Vladimir Oblast,Russia,2022-10-30 06:31:43,56.0503336,40.6561633,176651,3552,,,,12816.241601291991,,,2.0107443490271777,64377,RUS,,,5734,22
Volgograd Oblast,Russia,2022-10-30 06:31:43,49.6048339,44.2903582,261897,6909,,,,10387.478403792364,,,2.638060000687293,64378,RUS,,,3057,3
Vologda Oblast,Russia,2022-10-30 06:31:43,60.0391461,43.1215213,214018,3888,,,,18188.153369326985,,,1.8166696259193151,64379,RUS,,,3861,3
Voronezh Oblast,Russia,2022-10-30 06:31:43,50.9800393,40.1506507,465451,8535,,,,19944.184683310425,,,1.833705373927653,64380,RUS,,,9242,83
Yamalo-Nenets Autonomous Okrug,Russia,2022-10-30 06:31:43,67.1471631,74.3415488,148530,1049,,,,27579.76555435273,,,0.7062546286945398,64381,RUS,,,1979,5
Yaroslavl Oblast,Russia,2022-10-30 06:31:43,57.7781976,39.0021095,184823,2864,,,,14602.618031040924,,,1.5495906894704663,64382,RUS,,,7445,27
Zabaykalsky Krai,Russia,2022-10-30 06:31:43,52.248521,115.956325,187348,2364,,,,17463.362434587427,,,1.2618229177786793,64383,RUS,,,2866,9
Andalusia,Spain,2022-10-30 06:31:43,37.5443,-4.7278,1598517,14680,,,,18968.080921707216,,,0.918351196765502,72401,ESP,,,9173,113
Aragon,Spain,2022-10-30 06:31:43,41.5976,-0.9057,460890,5289,,,,34900.41542163857,,,1.1475623250667188,72402,ESP,,,3179,62
Asturias,Spain,2022-10-30 06:31:43,43.3614,-5.8593,260463,3244,,,,25480.50537807974,,,1.245474405193828,72403,ESP,,,2875,125
Baleares,Spain,2022-10-30 06:31:43,39.710358,2.995148,310930,1585,,,,26167.713049771926,,,0.5097610394622584,72404,ESP,,,1547,24
C. Valenciana,Spain,2022-10-30 06:31:43,39.484,-0.7533,1561738,10091,,,,31391.91420087241,,,0.646139109120736,72411,ESP,,,8647,58
Canarias,Spain,2022-10-30 06:31:43,28.2916,-16.6291,448409,2103,,,,20318.491858039848,,,0.468991478761577,72405,ESP,,,3969,25
Cantabria,Spain,2022-10-30 06:31:43,43.1828,-3.9878,159616,964,,,,27442.357055297,,,0.6039494787489976,72406,ESP,,,1128,6
Castilla - La Mancha,Spain,2022-10-30 06:31:43,39.2796,-3.0977,599211,7905,,,,29447.037830787805,,,1.3192347937537865,72407,ESP,,,4904,50
Castilla y Leon,Spain,2022-10-30 06:31:43,41.8357,-4.3976,830815,9200,,,,34506.11010440111,,,1.107346400823288,72408,ESP,,,8186,19
Catalonia,Spain,2022-10-30 06:31:43,41.5912,1.5209,2645423,20566,,,,34962.626369023914,,,0.7774182049524783,72409,ESP,,,11095,43
Ceuta,Spain,2022-10-30 06:31:43,35.8894,-5.3213,24288,188,,,,28631.717926652444,,,0.7740447957839263,72410,ESP,,,50,0
Extremadura,Spain,2022-10-30 06:31:43,39.4937,-6.0679,305532,2648,,,,28677.033744312124,,,0.866684995352369,72412,ESP,,,1819,11
Galicia,Spain,2022-10-30 06:31:43,42.5751,-8.1339,734556,3925,,,,27201.334893078576,,,0.5343363882399708,72413,ESP,,,5577,27
La Rioja,Spain,2022-10-30 06:31:43,42.2871,-2.5396,109722,953,,,,34991.118438886246,,,0.868558721131587,72419,ESP,,,852,4
Madrid,Spain,2022-10-30 06:31:43,40.4168,-3.7038,1942038,19956,,,,29240.298606565928,,,1.027580304813809,72414,ESP,,,16704,220
Melilla,Spain,2022-10-30 06:31:43,35.2923,-2.9381,24905,168,,,,29407.59720861033,,,0.6745633406946396,72415,ESP,,,109,1
Murcia,Spain,2022-10-30 06:31:43,37.9922,-1.1307,459086,2472,,,,30859.542786235863,,,0.5384612033475209,72416,ESP,,,2610,20
Navarra,Spain,2022-10-30 06:31:43,42.6954,-1.6761,256042,1716,,,,39394.34968443532,,,0.6702025448949782,72417,ESP,,,531,9
Pais Vasco,Spain,2022-10-30 06:31:43,42.9896,-2.6189,779587,7425,,,,35795.682039414474,,,0.952427375007536,72418,ESP,,,5829,82
Unknown,Spain,2022-10-30 06:31:43,,,0,0,,,,,,,,72420,ESP,,,0,0
Blekinge,Sweden,2022-10-30 06:31:43,56.2784,15.018,30829,184,,,,19315.689886345124,,,0.5968406370625061,75201,SWE,,,184,3
Dalarna,Sweden,2022-10-30 06:31:43,61.0917,14.6664,75091,544,,,,26076.3423459714,,,0.724454328747786,75202,SWE,,,609,18
Gavleborg,Sweden,2022-10-30 06:31:43,61.3012,16.1534,74803,754,,,,26029.11803801212,,,1.0079809633303478,75203,SWE,,,156,17
Gotland,Sweden,2022-10-30 06:31:43,57.4684,18.4867,11874,82,,,,19894.11252219951,,,0.6905844702711808,75204,SWE,,,38,4
Halland,Sweden,2022-10-30 06:31:43,56.8967,12.8034,108822,518,,,,32596.271357024754,,,0.4760066898237489,75205,SWE,,,637,22
Jamtland Harjedalen,Sweden,2022-10-30 06:31:43,63.1712,14.9592,34347,197,,,,26257.166883265807,,,0.5735580982327423,75206,SWE,,,209,5
Jonkoping,Sweden,2022-10-30 06:31:43,57.3708,14.3439,89662,756,,,,24659.5837722326,,,0.8431665588543642,75207,SWE,,,564,26
Kalmar,Sweden,2022-10-30 06:31:43,57.235,16.1849,62810,385,,,,25590.150175598705,,,0.6129597197898424,75208,SWE,,,650,13
Kronoberg,Sweden,2022-10-30 06:31:43,56.7183,14.4115,51460,410,,,,25542.391137098017,,,0.7967353284104158,75209,SWE,,,369,3
Norrbotten,Sweden,2022-10-30 06:31:43,66.8309,20.3992,50755,459,,,,20294.450464427235,,,0.9043443995665452,75210,SWE,,,316,14
Orebro,Sweden,2022-10-30 06:31:43,59.535,15.0066,98929,525,,,,32456.48857466249,,,0.530683621587199,75211,SWE,,,1165,9
Ostergotland,Sweden,2022-10-30 06:31:43,58.3454,15.5198,98793,890,,,,21223.213998002127,,,0.9008735436721224,75212,SWE,,,682,20
Skane,Sweden,2022-10-30 06:31:43,55.9903,13.5958,346727,2587,,,,25164.770323124747,,,0.7461201463975982,75213,SWE,,,1429,45
Sormland,Sweden,2022-10-30 06:31:43,59.0336,16.7519,67918,662,,,,22826.510721247563,,,0.9747047910715864,75214,SWE,,,576,18
Stockholm,Sweden,2022-10-30 06:31:43,59.6025,18.1384,606611,5626,,,,25519.15563668213,,,0.9274477383364298,75215,SWE,,,11114,101
Uppsala,Sweden,2022-10-30 06:31:43,60.0092,17.2715,93746,722,,,,24431.28067070962,,,0.7701661937576003,75216,SWE,,,554,8
Varmland,Sweden,2022-10-30 06:31:43,59.7294,13.2354,69277,411,,,,24530.299489402085,,,0.593270493814686,75217,SWE,,,667,16
Vasterbotten,Sweden,2022-10-30 06:31:43,65.3337,16.5162,60186,393,,,,22148.703153060324,,,0.6529757750971987,75218,SWE,,,663,18
Vasternorrland,Sweden,2022-10-30 06:31:43,63.4276,17.7292,56224,678,,,,22916.114727304597,,,1.2058907228229938,75219,SWE,,,483,15
Vastmanland,Sweden,2022-10-30 06:31:43,59.6714,16.2159,78438,534,,,,28435.53444869401,,,0.6807924730360284,75220,SWE,,,387,7
Vastra Gotaland,Sweden,2022-10-30 06:31:43,58.2528,13.0596,444278,3342,,,,25742.09925249771,,,0.7522317107756855,75221,SWE,,,1687,52
Alabama,US,2022-10-30 06:31:43,32.3182,-86.9023,1534287,20558,,,1,31291.64002581995,,,1.3399057673042918,84000001,USA,,,12152,136
Alaska,US,2022-10-30 06:31:43,61.3707,-152.4044,300177,1413,,,2,41033.292552064464,,,0.4707222738584235,84000002,USA,,,1999,49
American Samoa,US,2022-10-30 06:31:43,-14.271,-170.132,8257,34,,,60,14839.776423860105,,,0.4117718299624561,16,ASM,,,10,0
Arizona,US,2022-10-30 06:31:43,33.7298,-111.4312,2287886,31548,,,4,31432.54504880462,,,1.3789148585200486,84000004,USA,,,16326,178
Arkansas,US,2022-10-30 06:31:43,34.9697,-92.3731,959579,12488,,,5,31797.26052454036,,,1.3014040532358462,84000005,USA,,,7687,307
California,US,2022-10-30 06:31:43,36.1162,-119.6816,11363979,96892,,,6,28760.667300344,,,0.8526238916844179,84000006,USA,,,94271,926
Colorado,US,2022-10-30 06:31:43,39.0598,-105.3111,1672312,13415,,,8,29039.5670160952,,,0.8021828462631375,84000008,USA,,,17514,99
Connecticut,US,2022-10-30 06:31:43,41.5978,-72.7554,912720,11463,,,9,25600.18309886413,,,1.255916381803839,84000009,USA,,,15021,98
Delaware,US,2022-10-30 06:31:43,39.3185,-75.5071,312990,3147,,,10,32142.284988970638,,,1.0054634333365284,84000010,USA,,,4277,36
Diamond Princess,US,2022-10-30 06:31:43,,,49,0,,,88888,,,,0.0,84088888,USA,,,0,0
District of Columbia,US,2022-10-30 06:31:43,38.8974,-77.0268,169709,1397,,,11,24046.651146512428,,,0.8231737857155483,84000011,USA,,,1195,5
Florida,US,2022-10-30 06:31:43,27.7663,-81.6868,7192835,82176,,,12,33489.72473217267,,,1.1424702499084158,84000012,USA,,,42647,760
Georgia,US,2022-10-30 06:31:43,33.0406,-83.6431,2920663,40626,,,13,27508.209854688845,,,1.3909855399270643,84000013,USA,,,15263,345
Grand Princess,US,2022-10-30 06:31:43,,,103,3,,,99999,,,,2.912621359223301,84099999,USA,,,0,0
Guam,US,2022-10-30 06:31:43,13.4443,144.7937,58807,401,,,66,35807.92673644728,,,0.6818916115428435,316,GUM,,,230,0
Hawaii,US,2022-10-30 06:31:43,21.0943,-157.4983,361817,1704,,,15,25554.35802106405,,,0.4709563121688588,84000015,USA,,,5858,18
Idaho,US,2022-10-30 06:31:43,44.2405,-114.4788,499849,5216,,,16,27970.387199122582,,,1.043515141572755,84000016,USA,,,3976,40
Illinois,US,2022-10-30 06:31:43,40.3495,-88.9861,3809678,39982,,,17,30064.171518836956,,,1.0494850220937308,84000017,USA,,,47458,284
Indiana,US,2022-10-30 06:31:43,39.8494,-86.2583,1937565,24900,,,18,28780.48084888504,,,1.2851181766805242,84000018,USA,,,15572,192
Iowa,US,2022-10-30 06:31:43,42.0115,-93.2105,862925,10177,,,19,27350.423286963523,,,1.1793608946316307,84000019,USA,,,6829,100
Kansas,US,2022-10-30 06:31:43,38.5266,-96.7265,888210,9607,,,20,30487.959759916022,,,1.0816135823735378,84000020,USA,,,9209,52
Kentucky,US,2022-10-30 06:31:43,37.6681,-84.6701,1609753,17261,,,21,36031.1285091814,,,1.0722763057438005,84000021,USA,,,27732,257
Louisiana,US,2022-10-30 06:31:43,31.1695,-91.8678,1461433,18168,,,22,31436.819958036427,,,1.2431633882634374,84000022,USA,,,6143,102
Maine,US,2022-10-30 06:31:43,44.6939,-69.3819,297246,2648,,,23,22113.02978994385,,,0.8908446202808448,84000023,USA,,,7193,66
Maryland,US,2022-10-30 06:31:43,39.0639,-76.8021,1267740,15550,,,24,20969.353323364783,,,1.2265922034486567,84000024,USA,,,17708,151
Massachusetts,US,2022-10-30 06:31:43,42.2302,-71.5301,2086638,22023,,,25,30274.02381979377,,,1.0554298349785636,84000025,USA,,,35696,317
Michigan,US,2022-10-30 06:31:43,43.3266,-84.5361,2886176,39250,,,26,28899.742932135705,,,1.3599309259033403,84000026,USA,,,50009,626
Minnesota,US,2022-10-30 06:31:43,45.6945,-93.9002,1686048,13825,,,27,29896.418773423517,,,0.8199647934103893,84000027,USA,,,21251,174
Mississippi,US,2022-10-30 06:31:43,32.7416,-89.6787,933065,12968,,,28,31351.42091340185,,,1.38982814702084,84000028,USA,,,5600,56
Missouri,US,2022-10-30 06:31:43,38.4561,-92.2884,1673964,21863,,,29,27274.68248914692,,,1.306061540152596,84000029,USA,,,15601,163
Montana,US,2022-10-30 06:31:43,46.9219,-110.4544,314561,3573,,,30,29431.83710742549,,,1.135868718626912,84000030,USA,,,3830,53
Nebraska,US,2022-10-30 06:31:43,41.1254,-98.2681,533636,4550,,,31,27586.52776456673,,,0.8526411261609037,84000031,USA,,,-3830,8
Nevada,US,2022-10-30 06:31:43,38.3135,-117.0554,852960,11555,,,32,27692.10390642552,,,1.3546942412305385,84000032,USA,,,5628,54
New Hampshire,US,2022-10-30 06:31:43,43.4525,-71.5639,356872,2745,,,33,26246.16554547253,,,0.7691833486516174,84000033,USA,,,6514,40
New Jersey,US,2022-10-30 06:31:43,40.2989,-74.521,2795396,34904,,,34,31471.92302799197,,,1.2486245240388123,84000034,USA,,,52057,154
New Mexico,US,2022-10-30 06:31:43,34.8405,-106.2485,627203,8642,,,35,29911.97660848834,,,1.377863307414027,84000035,USA,,,8520,75
New York,US,2022-10-30 06:31:43,42.1657,-74.9481,6241919,73182,,,36,32086.254028247065,,,1.172427902380662,84000036,USA,,,117691,1354
North Carolina,US,2022-10-30 06:31:43,35.6301,-79.8064,3237440,26953,,,37,30867.792439496097,,,0.8325405258475833,84000037,USA,,,38574,428
North Dakota,US,2022-10-30 06:31:43,47.5289,-99.784,271913,2387,,,38,35681.217538730445,,,0.8778543136959248,84000038,USA,,,2326,23
Northern Mariana Islands,US,2022-10-30 06:31:43,15.0979,145.6739,13171,40,,,69,23884.738140142174,,,0.3036975172727963,580,MNP,,,0,0
Ohio,US,2022-10-30 06:31:43,40.3888,-82.7649,3185038,40178,,,39,27247.93183393076,,,1.2614606167964086,84000039,USA,,,41292,90
Oklahoma,US,2022-10-30 06:31:43,35.5653,-96.9289,1208316,17100,,,40,30536.387555026307,,,1.415192714488594,84000040,USA,,,10554,194
Oregon,US,2022-10-30 06:31:43,44.572,-122.0709,908188,8680,,,41,21532.58963278175,,,0.9557492501552542,84000041,USA,,,13412,119
Pennsylvania,US,2022-10-30 06:31:43,40.5908,-77.2098,3304816,47705,,,42,25814.86361220901,,,1.4434994262918115,84000042,USA,,,50313,492
Puerto Rico,US,2022-10-30 06:31:43,18.2208,-66.5901,980676,5257,,,72,30706.63626508989,,,0.5360588002561498,630,PRI,,,22588,103
Rhode Island,US,2022-10-30 06:31:43,41.6809,-71.5118,432042,3696,,,44,40783.26462839391,,,0.8554723846292721,84000044,USA,,,6581,27
South Carolina,US,2022-10-30 06:31:43,33.8569,-80.945,1721693,18578,,,45,33439.28211976816,,,1.0790541635471598,84000045,USA,,,13619,213
South Dakota,US,2022-10-30 06:31:43,44.2998,-99.4388,264187,3059,,,46,29863.14500841567,,,1.1578919477491325,84000046,USA,,,2816,38
Tennessee,US,2022-10-30 06:31:43,35.7478,-86.6923,2357243,28074,,,47,34517.249084589144,,,1.1909675837408362,84000047,USA,,,16140,202
Texas,US,2022-10-30 06:31:43,31.0545,-97.5635,8036156,91162,,,48,27714.81921863316,,,1.134398087841998,84000048,USA,,,51094,335
Utah,US,2022-10-30 06:31:43,40.15,-111.8624,1045472,5056,,,49,32610.28372798396,,,0.4836093171314009,84000049,USA,,,7056,35
Vermont,US,2022-10-30 06:31:43,44.0459,-72.7107,144895,740,,,50,23220.76190445665,,,0.5107146554401463,84000050,USA,,,2452,21
Virgin Islands,US,2022-10-30 06:31:43,18.3358,-64.8963,23311,124,,,78,21731.55088190327,,,0.5319377118098751,850,VIR,,,145,1
Virginia,US,2022-10-30 06:31:43,37.7693,-78.17,2117608,22189,,,51,24809.36425775632,,,1.0478332155904209,84000051,USA,,,30248,340
Washington,US,2022-10-30 06:31:43,47.4009,-121.4905,1835075,14550,,,53,24098.500136508814,,,0.7928831246679291,84000053,USA,,,18892,211
West Virginia,US,2022-10-30 06:31:43,38.4912,-80.9545,607366,7514,,,54,33890.411891435244,,,1.237145312710952,84000054,USA,,,6808,98
Wisconsin,US,2022-10-30 06:31:43,44.2685,-89.6165,1895475,15460,,,55,32554.68417503745,,,0.8156266898798454,84000055,USA,,,28841,197
Wyoming,US,2022-10-30 06:31:43,42.756,-107.3025,178444,1908,,,56,30832.177123811467,,,1.06924301181323,84000056,USA,,,1716,14
Cherkasy Oblast,Ukraine,2022-10-30 06:31:43,49.4444,32.0598,163768,2973,,,,13575.48507855508,,,1.8153729666357288,80401,UKR,,,0,0
Chernihiv Oblast,Ukraine,2022-10-30 06:31:43,51.4982,31.2893,126202,2751,,,,12548.111101720617,,,2.179838671336429,80402,UKR,,,0,0
Chernivtsi Oblast,Ukraine,2022-10-30 06:31:43,48.2917,25.9352,150465,3290,,,,16637.47520384266,,,2.186555012793673,80403,UKR,,,0,0
Crimea Republic*,Ukraine,2022-10-30 06:31:43,45.2835,34.2008,208884,5400,,,,10915.013656569288,,,2.5851668868845867,80404,UKR,,,2254,16
Dnipropetrovsk Oblast,Ukraine,2022-10-30 06:31:43,48.4647,35.0462,303551,9454,,,,9466.807340267838,,,3.11446840893293,80405,UKR,,,0,0
Donetsk Oblast,Ukraine,2022-10-30 06:31:43,48.0159,37.8028,216052,5607,,,,5186.201016298755,,,2.595208560902005,80406,UKR,,,0,0
Ivano-Frankivsk Oblast,Ukraine,2022-10-30 06:31:43,48.9226,24.7111,181629,3476,,,,13226.195920340911,,,1.9137912998474915,80407,UKR,,,0,0
Kharkiv Oblast,Ukraine,2022-10-30 06:31:43,49.9935,36.2304,305661,6858,,,,11424.02558231842,,,2.243662096243878,80408,UKR,,,0,0
Kherson Oblast,Ukraine,2022-10-30 06:31:43,46.6354,32.6169,107686,2881,,,,10377.97309278748,,,2.675370986014895,80409,UKR,,,0,0
Khmelnytskyi Oblast,Ukraine,2022-10-30 06:31:43,49.423,26.9871,201270,3703,,,,15914.3831960813,,,1.839817161027476,80410,UKR,,,0,0
Kiev,Ukraine,2022-10-30 06:31:43,50.4501,30.5234,445098,8966,,,,15083.977226514844,,,2.014387842677343,80411,UKR,,,0,0
Kiev Oblast,Ukraine,2022-10-30 06:31:43,50.053,30.7667,226220,5019,,,,12795.683111417808,,,2.218636725311644,80412,UKR,,,0,0
Kirovohrad Oblast,Ukraine,2022-10-30 06:31:43,48.5079,32.2623,45117,1741,,,,4771.513692045573,,,3.858855863643416,80413,UKR,,,0,0
Luhansk Oblast,Ukraine,2022-10-30 06:31:43,48.574,39.3078,80033,2392,,,,3719.294201734057,,,2.9887671335574075,80414,UKR,,,0,0
Lviv Oblast,Ukraine,2022-10-30 06:31:43,49.8397,24.0297,303357,6569,,,,12028.329661013924,,,2.165435444047772,80415,UKR,,,0,0
Mykolaiv Oblast,Ukraine,2022-10-30 06:31:43,46.975,31.9946,146174,3530,,,,5795.907329875525,,,2.414930151736971,80416,UKR,,,0,0
Odessa Oblast,Ukraine,2022-10-30 06:31:43,46.4846,30.7326,325462,5917,,,,13673.104488998904,,,1.8180309836478603,80417,UKR,,,0,0
Poltava Oblast,Ukraine,2022-10-30 06:31:43,49.5883,34.5514,179994,4181,,,,12852.684051215369,,,2.322855206284654,80418,UKR,,,0,0
Rivne Oblast,Ukraine,2022-10-30 06:31:43,50.6199,26.2516,171031,2530,,,,14778.437070390504,,,1.4792639930772784,80419,UKR,,,0,0
Sevastopol*,Ukraine,2022-10-30 06:31:43,44.6054,33.522,95822,2472,,,,21619.95076836992,,,2.579783348291624,80420,UKR,,,1333,23
Sumy Oblast,Ukraine,2022-10-30 06:31:43,50.9077,34.7981,182268,3208,,,,16854.53728345561,,,1.760045647069151,80421,UKR,,,0,0
Ternopil Oblast,Ukraine,2022-10-30 06:31:43,49.5535,25.5948,146363,2391,,,,13994.257461905248,,,1.6336095871224283,80422,UKR,,,0,0
Unknown,Ukraine,2022-10-30 06:31:43,,,486630,4503,,,,,,,0.9253436902780346,80428,UKR,,,119037,802
Vinnytsia Oblast,Ukraine,2022-10-30 06:31:43,49.2331,28.4682,149845,3546,,,,9603.023338977207,,,2.366445326837732,80423,UKR,,,0,0
Volyn Oblast,Ukraine,2022-10-30 06:31:43,50.7472,25.3254,132045,2394,,,,12753.90455217177,,,1.8130182892195843,80424,UKR,,,0,0
Zakarpattia Oblast,Ukraine,2022-10-30 06:31:43,48.6208,22.2879,112462,2724,,,,8948.267109695878,,,2.4221514822784584,80425,UKR,,,0,0
Zaporizhia Oblast,Ukraine,2022-10-30 06:31:43,47.8388,35.1396,215070,5866,,,,12607.894311059212,,,2.727484074952341,80426,UKR,,,0,0
Zhytomyr Oblast,Ukraine,2022-10-30 06:31:43,50.2547,28.6587,192801,3538,,,,15800.861011331814,,,1.8350527227555875,80427,UKR,,,0,0
Anguilla,United Kingdom,2022-10-30 06:31:43,18.2206,-63.0686,3866,12,,,,25769.8973470204,,,0.3103983445421624,660,AIA,,,1,0
Bermuda,United Kingdom,2022-10-30 06:31:43,32.3078,-64.7505,18340,148,,,,29450.965908178503,,,0.806979280261723,60,BMU,,,186,0
British Virgin Islands,United Kingdom,2022-10-30 06:31:43,18.4207,-64.64,7305,64,,,,24159.142772100407,,,0.8761122518822724,92,VGB,,,0,0
Cayman Islands,United Kingdom,2022-10-30 06:31:43,19.3133,-81.2546,31006,34,,,,47178.94096165551,,,0.1096561955750499,136,CYM,,,345,2
Channel Islands,United Kingdom,2022-10-30 06:31:43,49.3723,-2.3644,0,0,,,,0.0,,,,8261,GBR,,,0,0
England,United Kingdom,2022-10-30 06:31:43,52.3555,-1.1743,20178456,177230,,,,36047.633679426624,,,0.8783129888629735,82601,GBR,,,209590,894
Falkland Islands (Malvinas),United Kingdom,2022-10-30 06:31:43,-51.7963,-59.5236,1930,0,,,,55412.00114843526,,,0.0,238,FLK,,,0,0
Gibraltar,United Kingdom,2022-10-30 06:31:43,36.1408,-5.3536,20121,108,,,,59722.18099789261,,,0.5367526464887431,292,GIB,,,26,0
Guernsey,United Kingdom,2022-10-30 06:31:43,49.448196,-2.58949,32324,64,,,,51307.93650793651,,,0.1979952976116817,831,GGY,,,1015,1
Isle of Man,United Kingdom,2022-10-30 06:31:43,54.2361,-4.5481,38008,116,,,,44698.46645968576,,,0.3051989054935803,833,IMN,,,0,0
Jersey,United Kingdom,2022-10-30 06:31:43,49.2138,-2.1358,61656,141,,,,56409.88106129918,,,0.2286882055274426,832,JEY,,,1782,3
Montserrat,United Kingdom,2022-10-30 06:31:43,16.742498,-62.187366,1403,8,,,,28065.613122624523,,,0.5702066999287242,500,MSR,,,0,0
Northern Ireland,United Kingdom,2022-10-30 06:31:43,54.7877,-6.4923,713294,4890,,,,37908.90731292517,,,0.6855518201470923,82602,GBR,,,0,12
Pitcairn Islands,United Kingdom,2022-10-30 06:31:43,-24.3768,-128.3242,4,0,,,,5970.149253731343,,,0.0,612,PCN,,,0,0
"Saint Helena, Ascension and Tristan da Cunha",United Kingdom,2022-10-30 06:31:43,-7.9467,-14.3559,2032,0,,,,35894.718247659424,,,0.0,654,SHN,,,376,0
Scotland,United Kingdom,2022-10-30 06:31:43,56.4907,-4.2026,2118188,15865,,,,38771.21886039573,,,0.7489892304176966,82603,GBR,,,13178,64
Turks and Caicos Islands,United Kingdom,2022-10-30 06:31:43,21.694,-71.7979,6429,36,,,,16604.679993801332,,,0.5599626691553896,796,TCA,,,49,0
Unknown,United Kingdom,2022-10-30 06:31:43,,,0,320,,,,,,,,82605,GBR,,,0,2
Wales,United Kingdom,2022-10-30 06:31:43,52.1307,-3.7837,888547,10903,,,,28310.29758491047,,,1.2270594577439349,82604,GBR,,,2865,62
